Date,Redraft PPR ADP,Redraft SF ADP,Redraft Half PPR ADP,Dynasty PPR ADP,Dynasty SF ADP,Dynasty Half PPR ADP,IDP ADP,Player Team,Player First Name,Player Last Name,Fantasy Player Position,Player Id,Positional Rank
"August 2, 2024",34.6,3.8,35.6,17.1,1.3,17.5,2.3,KC,Patrick,Mahomes,QB,4046,QB1
"August 2, 2024",22.5,1.5,20.9,21,2.2,21.7,1.6,BUF,Josh,Allen,QB,4984,QB2
"August 2, 2024",42.7,8.1,44.9,22.2,3.4,23.6,5.7,HOU,C.J.,Stroud,QB,9758,QB3
"August 2, 2024",33.4,4.5,32.8,29.3,4.8,29.8,8.9,PHI,Jalen,Hurts,QB,6904,QB4
"August 2, 2024",4.9,8.3,4.2,1.2,5.2,1.3,3.8,MIN,Justin,Jefferson,WR,6794,WR1
"August 2, 2024",38.8,7.5,37,34.6,6.6,35.2,9.1,BAL,Lamar,Jackson,QB,4881,QB5
"August 2, 2024",2.1,5.6,2.2,2.5,7.2,2,5.7,DAL,CeeDee,Lamb,WR,6786,WR2
"August 2, 2024",5.1,10.3,5.1,3,8.4,3.7,7.6,CIN,Ja'Marr,Chase,WR,7564,WR3
"August 2, 2024",64.5,14.8,63,55.2,8.7,53.4,16,CIN,Joe,Burrow,QB,6770,QB6
"August 2, 2024",6.7,11.5,7.7,4.5,10,5.1,10.7,DET,Amon-Ra,St. Brown,WR,7547,WR4
"August 2, 2024",102.8,35.9,97.4,50.8,11.6,48.1,24,CHI,Caleb,Williams,QB,11560,QB7
"August 2, 2024",7.7,13.4,6.3,6.6,12.7,4.7,11.1,ATL,Bijan,Robinson,RB,9509,RB1
"August 2, 2024",58.9,15.4,53.7,52.3,13.4,51.7,20,IND,Anthony,Richardson,QB,9229,QB8
"August 2, 2024",15,23.3,15.6,7.1,14,7.2,13.8,ARI,Marvin,Harrison,WR,11628,WR5
"August 2, 2024",1.2,2.7,1.8,5.8,15.5,6.5,4.1,SF,Christian,McCaffrey,RB,4034,RB2
"August 2, 2024",8.4,12,8.6,8.8,16.7,8.7,14.9,NYJ,Breece,Hall,RB,8155,RB3
"August 2, 2024",86,25.8,85.1,66.5,17.8,71.1,27.4,GB,Jordan,Love,QB,6804,QB9
"August 2, 2024",120.9,34.1,118.8,82.1,17.9,80.8,37.9,LAC,Justin,Herbert,QB,6797,QB10
"August 2, 2024",11.2,17.9,10.2,8.6,19.7,8.8,15.9,DET,Jahmyr,Gibbs,RB,9221,RB4
"August 2, 2024",10.4,16.2,11.6,11.3,20.8,11.9,17.7,LAR,Puka,Nacua,WR,9493,WR6
"August 2, 2024",12.8,20,12.7,12,21.8,12.7,19.7,NYJ,Garrett,Wilson,WR,8146,WR7
"August 2, 2024",8.7,17,8.3,13.8,22.5,13,17.1,PHI,A.J.,Brown,WR,5859,WR8
"August 2, 2024",3.5,6.2,3.8,10.1,23,10.7,11.8,MIA,Tyreek,Hill,WR,3321,WR9
"August 2, 2024",83.9,21.5,71.1,89.1,24.2,87.4,39,ARI,Kyler,Murray,QB,5849,QB11
"August 2, 2024",19.9,26,24.8,15.2,25.3,15.5,22,DET,Sam,LaPorta,TE,10859,TE1
"August 2, 2024",13.8,24.4,13.3,14.9,26.8,14.6,21.2,IND,Jonathan,Taylor,RB,6813,RB5
"August 2, 2024",40.5,56.1,39.8,20.6,27,16.5,29.4,NYG,Malik,Nabers,WR,11632,WR10
"August 2, 2024",115.6,51.5,112.7,87.6,28.7,85.4,53.3,WAS,Jayden,Daniels,QB,11566,QB12
"August 2, 2024",127.9,46.4,125,112.3,29.9,113.8,63.6,JAX,Trevor,Lawrence,QB,7523,QB13
"August 2, 2024",20.3,30.7,21.1,19.8,30.8,19,26.2,NO,Chris,Olave,WR,8144,WR11
"August 2, 2024",98.2,28.3,100.9,97.8,31,104.1,45.6,SF,Brock,Purdy,QB,8183,QB14
"August 2, 2024",21.5,31.8,19.5,16.5,32.9,17,25.3,JAX,Travis,Etienne,RB,7543,RB6
"August 2, 2024",17.9,32.4,17.5,25.6,33.3,24.9,29.8,ATL,Drake,London,WR,8112,WR12
"August 2, 2024",14.8,22.4,14.6,17.9,34.2,20.8,23,PHI,Saquon,Barkley,RB,4866,RB7
"August 2, 2024",74.5,19.4,73.4,104.6,35.6,107.5,43.3,DAL,Dak,Prescott,QB,3294,QB15
"August 2, 2024",23.3,35.9,23.1,24.2,35.9,25.9,31.2,SF,Brandon,Aiyuk,WR,6803,WR13
"August 2, 2024",35.7,48.6,33.1,26.7,37.3,26.3,35.7,MIA,Jaylen,Waddle,WR,7526,WR14
"August 2, 2024",16.3,29.8,16.9,23.6,38.5,22.3,28,LAR,Kyren,Williams,RB,8150,RB8
"August 2, 2024",69.2,89.6,69.8,32.8,39.4,28.1,55.5,CHI,Rome,Odunze,WR,11620,WR15
"August 2, 2024",43,40.3,46.8,35.4,40.6,37,40.7,ARI,Trey,McBride,TE,8130,TE2
"August 2, 2024",24,44.7,22.3,26.9,41.4,26.8,34.9,MIA,De'Von,Achane,RB,9226,RB9
"August 2, 2024",107.7,37,105.2,115.8,42.1,116.6,59.1,MIA,Tua,Tagovailoa,QB,6768,QB16
"August 2, 2024",49.7,50.3,51.2,43.9,43.2,44.9,46.5,BUF,Dalton,Kincaid,TE,10236,TE3
"August 2, 2024",77.6,82.9,82.1,44.7,44.3,43,58.7,LV,Brock,Bowers,TE,11604,TE4
"August 2, 2024",37.6,42.2,40.4,30.6,44.7,33.1,35.7,IND,Michael,Pittman,WR,6819,WR16
"August 2, 2024",46.1,58.1,44.9,28.5,46.7,30.1,47.4,PHI,DeVonta,Smith,WR,7525,WR17
"August 2, 2024",29.7,53.4,28.1,38.1,47.8,39.6,48,HOU,Nico,Collins,WR,7569,WR18
"August 2, 2024",112,39.9,111.4,123.2,48.6,128.1,65.5,DET,Jared,Goff,QB,3163,QB17
"August 2, 2024",55.5,61,58.8,49.3,49.4,49.1,57.8,ATL,Kyle,Pitts,TE,7553,TE5
"August 2, 2024",52.1,62,49.9,35.9,50.5,31.3,44.5,SEA,Kenneth,Walker,RB,8151,RB10
"August 2, 2024",25.4,26.2,26.3,44.2,51.9,47.2,32.5,KC,Travis,Kelce,TE,1466,TE6
"August 2, 2024",35.1,53.2,35.1,39.3,52.2,40.4,41.4,CHI,DJ,Moore,WR,4983,WR19
"August 2, 2024",26.7,41.1,26,31,53.4,32.4,33.3,GB,Josh,Jacobs,RB,5850,RB11
"August 2, 2024",51.7,68.1,50.2,42.5,53.6,41.2,61.4,BAL,Zay,Flowers,WR,9997,WR20
"August 2, 2024",39,47.7,38.9,37.1,55.8,35.4,41.9,TB,Rachaad,White,RB,8136,RB12
"August 2, 2024",31.9,44.8,31.5,33.3,56.9,34.5,38.7,KC,Isiah,Pacheco,RB,8205,RB13
"August 2, 2024",44.9,59.2,41.9,41.4,57,38.5,50.1,SEA,DK,Metcalf,WR,5846,WR21
"August 2, 2024",47.7,49.8,48.8,47.6,58,50.4,52.8,BAL,Mark,Andrews,TE,5012,TE7
"August 2, 2024",44.2,60.1,43.2,40.2,59.2,42.5,53.1,BUF,James,Cook,RB,8138,RB14
"August 2, 2024",179.7,102.4,167.2,122.4,60.2,129.5,89.6,MIN,J.J.,McCarthy,QB,11565,QB18
"August 2, 2024",53.7,73,53.1,46.6,61,46.1,69.5,HOU,Tank,Dell,WR,9502,WR22
"August 2, 2024",56.6,71.1,55.9,51.3,62.3,45,68,CIN,Tee,Higgins,WR,6801,WR23
"August 2, 2024",214,123.1,188.7,136.9,62.8,138,103.1,NE,Drake,Maye,QB,11564,QB19
"August 2, 2024",53.9,71.9,56.5,61.1,64.6,56.5,67.1,PIT,George,Pickens,WR,8137,WR24
"August 2, 2024",76.8,95.2,76.5,58.3,65.2,55,73.1,KC,Xavier,Worthy,WR,11624,WR25
"August 2, 2024",91.6,98.4,87.6,62.3,66.5,58.5,77.8,CAR,Jonathon,Brooks,RB,11583,RB15
"August 2, 2024",73.8,97.8,75.5,59.2,67.7,60.8,79.2,MIN,Jordan,Addison,WR,9756,WR26
"August 2, 2024",32.7,55.7,30.8,57.8,68.5,57.3,59.4,SF,Deebo,Samuel,WR,5872,WR27
"August 2, 2024",105.3,104.2,113.4,71.5,69.5,76.9,82.2,MIN,T.J.,Hockenson,TE,5844,TE8
"August 2, 2024",26.3,38.3,25.3,48.7,70.5,53.2,49.2,BAL,Derrick,Henry,RB,3198,RB16
"August 2, 2024",66.7,79.8,66.2,53.6,71.9,52,70.1,CHI,D'Andre,Swift,RB,6790,RB17
"August 2, 2024",97.8,122.2,96.1,75.4,71.9,69,107.4,JAX,Brian,Thomas,WR,11631,WR28
"August 2, 2024",88.6,98.1,86,70.1,73.9,65.9,93.2,LAC,Ladd,McConkey,WR,11635,WR29
"August 2, 2024",17.3,33.4,17.7,60.1,74.1,62.8,51.4,LV,Davante,Adams,WR,2133,WR30
"August 2, 2024",100.9,115.8,102.5,68.1,75.8,64.9,99.1,SEA,Jaxon,Smith-Njigba,WR,9488,WR31
"August 2, 2024",30.2,52.7,34.3,54,76.9,61.7,56.5,HOU,Stefon,Diggs,WR,2449,WR32
"August 2, 2024",28.6,43.5,29.2,63,77.6,62.2,62.5,TB,Mike,Evans,WR,2216,WR33
"August 2, 2024",71.5,96.9,83.7,65,78.3,67.9,83.8,KC,Rashee,Rice,WR,10229,WR34
"August 2, 2024",48.5,62.6,47.1,56.2,79.9,59.6,64.2,HOU,Joe,Mixon,RB,4018,RB18
"August 2, 2024",71.9,87,70.6,73.9,80.2,75,90,GB,Jayden,Reed,WR,10222,WR35
"August 2, 2024",96.2,114.9,98.2,71.5,80.6,68.7,96,BUF,Keon,Coleman,WR,11637,WR36
"August 2, 2024",217.4,120.8,187.1,155.2,82,166.8,140.6,CAR,Bryce,Young,QB,9228,QB20
"August 2, 2024",60.3,70.9,62.3,78.9,83.5,79.5,75.1,SF,George,Kittle,TE,4217,TE9
"August 2, 2024",106.1,131.7,104.1,77.7,84.9,74.4,111.9,ARI,Trey,Benson,RB,11589,RB19
"August 2, 2024",70.1,81,68,67.1,85.4,66.8,80.8,NE,Rhamondre,Stevenson,RB,7611,RB20
"August 2, 2024",41.7,57.6,42.2,69,86.5,71.5,71.8,LAR,Cooper,Kupp,WR,4039,WR37
"August 2, 2024",50.9,64.3,52.8,64.1,87.2,70.5,71.4,NO,Alvin,Kamara,RB,4035,RB21
"August 2, 2024",134.6,66.8,134,158.8,88.9,172.2,110.9,ATL,Kirk,Cousins,QB,1166,QB21
"August 2, 2024",87.8,86.3,89.2,86.2,89.8,89.8,97.2,DAL,Jake,Ferguson,TE,8110,TE10
"August 2, 2024",163,78.7,152.1,193.2,89.9,183.9,112.5,TB,Baker,Mayfield,QB,4892,QB22
"August 2, 2024",85.9,88.7,88,88.3,91.6,89.4,98.2,CLE,David,Njoku,TE,4033,TE11
"August 2, 2024",92.1,107.6,93.2,74.2,92.7,73,105.2,DEN,Javonte,Williams,RB,7588,RB22
"August 2, 2024",68.2,80.9,67.6,83.5,93.6,83.3,91.2,WAS,Terry,McLaurin,WR,5927,WR38
"August 2, 2024",67.7,69.5,71.5,93.7,94.1,95.3,87,JAX,Evan,Engram,TE,4066,TE12
"August 2, 2024",172,85.4,163.4,195.3,95.6,209,133.7,CLE,Deshaun,Watson,QB,4017,QB23
"August 2, 2024",225,133.8,203.6,160.9,96.7,157.7,141,DEN,Bo,Nix,QB,11563,QB24
"August 2, 2024",65.7,83.1,64.4,76.6,97.1,77.1,92.6,DET,David,Montgomery,RB,5892,RB23
"August 2, 2024",80.7,93.3,78.6,84.3,98.3,82.3,101.6,LV,Zamir,White,RB,8139,RB24
"August 2, 2024",57.4,67.9,57.5,80.1,99,84.5,83.7,CLE,Amari,Cooper,WR,2309,WR39
"August 2, 2024",201,100.8,175,192.1,100.1,181.2,131.9,TEN,Will,Levis,QB,9999,QB25
"August 2, 2024",78.7,92,74.9,80.4,101.1,80.5,88.3,PIT,Najee,Harris,RB,7528,RB25
"August 2, 2024",62.9,76.1,65,89.8,102.2,88.9,100.1,JAX,Christian,Kirk,WR,4950,WR40
"August 2, 2024",80.3,103.4,84.2,79,103.5,78.3,106.2,TEN,Tony,Pollard,RB,5967,RB26
"August 2, 2024",109.3,121.4,107.4,92.3,104.9,91.5,125.2,TEN,Tyjae,Spears,RB,9508,RB27
"August 2, 2024",137.8,65,145.4,201.6,105.5,210.1,122.6,LAR,Matthew,Stafford,QB,421,QB26
"August 2, 2024",169.3,168.5,154.7,107.4,106.1,102.7,158.6,SF,Ricky,Pearsall,WR,11638,WR41
"August 2, 2024",75.2,89.7,77.9,96.7,107.4,96.1,117.7,TB,Chris,Godwin,WR,4037,WR42
"August 2, 2024",61.9,74.7,59.9,85.4,107.7,86.2,86.3,MIN,Aaron,Jones,RB,4199,RB28
"August 2, 2024",131.4,149.6,131.3,98.6,109.8,98.9,151.4,CAR,Xavier,Legette,WR,11626,WR43
"August 2, 2024",79.4,94.8,80.8,98.7,110.7,100.3,119.5,TEN,Calvin,Ridley,WR,4981,WR44
"August 2, 2024",82.7,91.5,81,105.6,111.6,105.5,115.6,KC,Hollywood,Brown,WR,5848,WR45
"August 2, 2024",101.8,116.6,101.1,100.2,112,98.6,129.7,GB,Christian,Watson,WR,8167,WR46
"August 2, 2024",98,107.3,95.4,94.2,113.3,93.1,121,PIT,Jaylen,Warren,RB,8228,RB29
"August 2, 2024",116.9,138.5,116.4,101.8,114.2,97.5,136.1,LAR,Blake,Corum,RB,11586,RB30
"August 2, 2024",124.3,151.1,120.7,102.3,115.9,94.3,143.8,IND,Adonai,Mitchell,WR,11625,WR47
"August 2, 2024",59.7,77.7,61.7,95.8,116.3,101.6,109.8,CHI,Keenan,Allen,WR,1479,WR48
"August 2, 2024",287.7,196.7,267.5,172.2,116.6,170.5,213.3,ATL,Michael,Penix,QB,11559,QB27
"August 2, 2024",123,128,127.3,114.4,118.4,115.2,137.3,CHI,Cole,Kmet,TE,6826,TE13
"August 2, 2024",89.9,106.3,89.2,91.8,119.2,92.5,113.6,CLE,Nick,Chubb,RB,4988,RB31
"August 2, 2024",93.6,105.1,92,110.1,120.5,111,142.2,CAR,Diontae,Johnson,WR,5937,WR49
"August 2, 2024",62.6,84.8,60.2,103.6,121.8,103.5,113.4,ARI,James,Conner,RB,4137,RB32
"August 2, 2024",141.1,75.7,138.7,196.9,122.6,197.8,139.5,NYJ,Aaron,Rodgers,QB,96,QB28
"August 2, 2024",110.6,127.4,110,111.7,123.9,107.8,148.7,DET,Jameson,Williams,WR,8148,WR50
"August 2, 2024",104.1,110.3,107.3,116.5,124.2,120.4,135.8,PHI,Dallas,Goedert,TE,5022,TE14
"August 2, 2024",94.9,111.2,91.6,109,125.7,109.3,131.8,CIN,Zack,Moss,RB,6845,RB33
"August 2, 2024",107.9,118.6,114.5,119.6,125.9,121.9,143.8,HOU,Dalton,Schultz,TE,5001,TE15
"August 2, 2024",111.5,129.5,106.1,106.2,127.1,106.4,149.6,WAS,Brian,Robinson,RB,8154,RB34
"August 2, 2024",228.3,150.5,209.8,197.7,128.8,194.3,215.6,PIT,Justin,Fields,QB,7591,QB29
"August 2, 2024",166.7,169.6,157,132.7,129.5,133.3,187.2,NE,Ja'Lynn,Polk,WR,11619,WR51
"August 2, 2024",125.6,125.7,125.4,125.6,130.2,136.4,155.9,PIT,Pat,Freiermuth,TE,7600,TE16
"August 2, 2024",147.7,158.3,160.6,139.6,131.4,139.8,181.7,WAS,Ben,Sinnott,TE,11596,TE17
"August 2, 2024",130.5,144,129.6,118.5,132,114.3,161.5,SEA,Zach,Charbonnet,RB,9753,RB35
"August 2, 2024",103.6,116.9,103.1,113.7,133.5,112.9,149.6,NYG,Devin,Singletary,RB,6130,RB36
"August 2, 2024",95.4,112.8,98.4,107.9,134.2,110.1,130,WAS,Austin,Ekeler,RB,4663,RB37
"August 2, 2024",148.1,170.5,150.8,121.7,134.7,119.6,173.1,DEN,Troy,Franklin,WR,11627,WR52
"August 2, 2024",202,101.8,182.6,247.4,136.4,241.2,214.1,SEA,Geno,Smith,QB,1373,QB30
"August 2, 2024",143.7,152.5,141.1,127.9,137,122.3,185.1,NO,Kendre,Miller,RB,9757,RB38
"August 2, 2024",122.5,137.2,124.7,120.9,138.9,118.4,167.2,CIN,Chase,Brown,RB,9224,RB39
"August 2, 2024",142.1,163.2,143,124.1,139.4,123.9,191.9,IND,Josh,Downs,WR,9500,WR53
"August 2, 2024",138.6,161.3,142.4,131.7,140.7,125.2,183.5,MIA,Jaylen,Wright,RB,11643,RB40
"August 2, 2024",134.1,146.6,134.7,129.3,141.7,127.2,171,CLE,Jerry,Jeudy,WR,6783,WR54
"August 2, 2024",84.9,109.8,79.7,116.2,142.5,116,146.7,MIA,Raheem,Mostert,RB,2749,RB41
"August 2, 2024",118.1,136.5,119.2,128.8,143.3,131.9,160.5,GB,Romeo,Doubs,WR,8121,WR55
"August 2, 2024",168.3,157.5,152.8,133.9,143.3,130.2,196.7,WAS,Jahan,Dotson,WR,8119,WR56
"August 2, 2024",181.2,179.2,165.6,137.6,145.7,134.6,194.6,PIT,Roman,Wilson,WR,11630,WR57
"August 2, 2024",165.7,173.1,143.5,138,146.7,125.4,191.2,GB,MarShawn,Lloyd,RB,11581,RB42
"August 2, 2024",89.3,113.9,94,125.8,147.2,137.4,155.9,TEN,DeAndre,Hopkins,WR,1426,WR58
"August 2, 2024",132.5,139.2,136.4,143.2,148.8,143.1,172.3,GB,Luke,Musgrave,TE,9481,TE18
"August 2, 2024",116.8,134.5,116.6,134,149.9,132.7,179.6,DEN,Courtland,Sutton,WR,5045,WR59
"August 2, 2024",113,124.9,109,130.4,150.5,124.4,166.8,LAC,Gus,Edwards,RB,5248,RB43
"August 2, 2024",235.6,132.7,200.7,284.8,151.7,256.5,225.6,NYG,Daniel,Jones,QB,5870,QB31
"August 2, 2024",226.7,119.7,201,290.7,152.5,264.8,217.1,NO,Derek,Carr,QB,2028,QB32
"August 2, 2024",125.2,140.6,123.6,134.6,152.8,134.8,178.5,CLE,Jerome,Ford,RB,8143,RB44
"August 2, 2024",174.7,164.4,159,142.3,154.6,140.6,197.9,LAC,Quentin,Johnston,WR,9754,WR60
"August 2, 2024",128.1,143.3,128.3,141.8,155.3,142.6,184.9,BUF,Khalil,Shakir,WR,8134,WR61
"August 2, 2024",178,184.1,170.4,140.3,156.2,143,207,BAL,Isaiah,Likely,TE,8131,TE19
"August 2, 2024",215.5,193.1,196.3,152.3,157.9,154.3,193.4,CAR,Ja'Tavion,Sanders,TE,11600,TE20
"August 2, 2024",187.7,185.6,176.9,148.9,158.7,146.9,239.4,CIN,Jermaine,Burton,WR,11640,WR62
"August 2, 2024",223.5,125.6,206.4,282.3,159.6,258.2,221.6,PIT,Russell,Wilson,QB,1234,QB33
"August 2, 2024",129.2,142.4,130.2,145.3,160.4,141.4,188.4,LV,Jakobi,Meyers,WR,5947,WR63
"August 2, 2024",205.9,188.1,181.1,149.6,161.8,149,236.3,NYJ,Malachi,Corley,WR,11617,WR64
"August 2, 2024",114.5,130.1,115.3,143.3,161.9,145.2,169.9,DAL,Ezekiel,Elliott,RB,3164,RB45
"August 2, 2024",167.3,165.6,155.4,157.5,163.2,158.2,251.2,GB,Dontayvion,Wicks,WR,9486,WR65
"August 2, 2024",146.5,159.3,146.8,152.4,164.5,151.2,208.5,JAX,Gabe,Davis,WR,6943,WR66
"August 2, 2024",175.9,181.8,161.7,169.4,165.9,165.7,244.3,LAC,Kimani,Vidal,RB,11647,RB46
"August 2, 2024",121.6,134.6,122.1,146,166.2,152.8,190.7,SEA,Tyler,Lockett,WR,2374,WR67
"August 2, 2024",143.3,160.5,140.6,154.9,167.1,150.9,200.4,LAC,J.K.,Dobbins,RB,6806,RB47
"August 2, 2024",139.2,147.1,133.7,156.6,168.3,155.5,202.1,NO,Rashid,Shaheed,WR,8676,WR68
"August 2, 2024",136.5,155.6,137.8,147.2,169.7,147.2,201,CAR,Chuba,Hubbard,RB,7594,RB48
"August 2, 2024",140.3,156.2,139.6,163.6,170.1,161.2,249.8,LAC,Joshua,Palmer,WR,7670,WR69
"August 2, 2024",227.9,208.4,199.1,170.7,170.1,168.2,265.9,NE,Javon,Baker,WR,11645,WR70
"August 2, 2024",209.3,188.7,172.6,174.5,172.4,174.4,269.8,ARI,Michael,Wilson,WR,10232,WR71
"August 2, 2024",186.2,166.9,185.2,178.6,173.1,179.4,205.5,TEN,Chigoziem,Okonkwo,TE,8210,TE21
"August 2, 2024",164.2,152.9,161.4,170.5,174,176.5,206.8,TB,Cade,Otton,TE,8111,TE22
"August 2, 2024",268.4,148.3,251.1,,175.3,,255.6,LV,Gardner,Minshew,QB,6011,QB34
"August 2, 2024",232.5,215.9,205.3,167.5,176.1,159.9,271.8,BAL,Keaton,Mitchell,RB,9511,RB49
"August 2, 2024",170.2,178.6,156.2,151.4,177.5,148.5,212.3,ATL,Tyler,Allgeier,RB,8132,RB50
"August 2, 2024",133.8,145,132.7,159.7,178.5,160.1,203.6,NYJ,Mike,Williams,WR,4068,WR72
"August 2, 2024",206.2,202.7,184.8,161.4,179.1,167.5,260.1,TB,Bucky,Irving,RB,11584,RB51
"August 2, 2024",119.2,141.9,121.8,168.5,179.7,170.5,203.3,BUF,Curtis,Samuel,WR,4082,WR73
"August 2, 2024",213.7,200.4,190.8,161.2,181.9,161.4,268.3,CHI,Roschon,Johnson,RB,10235,RB52
"August 2, 2024",219.8,192.6,186.1,164.8,182.8,156.5,267.1,DEN,Marvin,Mims,WR,9494,WR74
"August 2, 2024",229.5,209.5,202.7,179.9,183.2,179.2,285.3,TB,Jalen,McMillan,WR,11618,WR75
"August 2, 2024",218.9,210.7,194.2,150.6,184.3,152.6,253.2,WAS,Luke,McCaffrey,WR,11650,WR76
"August 2, 2024",182.7,183.5,174.4,177.5,185.9,178.6,275.2,NE,DeMario,Douglas,WR,9501,WR77
"August 2, 2024",170.2,167.3,158.4,165.2,186,163.3,263.5,NE,Antonio,Gibson,RB,6945,RB53
"August 2, 2024",185.4,187.4,168.5,175.4,187.2,169.6,209.4,BUF,Ray,Davis,RB,11575,RB54
"August 2, 2024",244.8,199.7,241.4,197.5,188.3,188.8,317.3,GB,Tucker,Kraft,TE,9484,TE23
"August 2, 2024",208.4,214.5,179.5,166.4,188.7,164,272.5,NYJ,Braelon,Allen,RB,11576,RB55
"August 2, 2024",245,205.2,251.8,187.2,190.3,192.1,263.7,LV,Michael,Mayer,TE,9482,TE24
"August 2, 2024",220.8,213.1,192.8,176.4,191.6,175.1,281.1,DEN,Audric,Estime,RB,11579,RB56
"August 2, 2024",,259.7,,244.1,192.2,235.1,305.1,NO,Spencer,Rattler,QB,11562,QB35
"August 2, 2024",184.3,182.1,169,181.9,193.5,182.2,275.4,ATL,Darnell,Mooney,WR,7090,WR78
"August 2, 2024",,221,,,194,,322.7,SEA,Sam,Howell,QB,8162,QB36
"August 2, 2024",162,172.4,149.2,179.2,195.7,177.3,211.2,MIN,Ty,Chandler,RB,8230,RB57
"August 2, 2024",212.1,186,183.5,173.1,196.2,173.7,209.1,HOU,Dameon,Pierce,RB,8129,RB58
"August 2, 2024",183.8,190.2,173.5,194.4,197.7,186.7,266.7,NYG,Tyrone,Tracy,RB,11655,RB59
"August 2, 2024",231.5,217.3,238.4,202.8,197.9,200.8,279.1,NYG,Theo,Johnson,TE,11597,TE25
"August 2, 2024",206.3,197.3,193.4,188.5,199.1,190.9,291,BAL,Rashod,Bateman,WR,7571,WR79
"August 2, 2024",264.5,250,248.3,182.6,200.3,184,286.8,LAC,Brenden,Rice,WR,11621,WR80
"August 2, 2024",238.8,223,243,184.5,201.3,195.9,283.8,BAL,Devontez,Walker,WR,11629,WR81
"August 2, 2024",161.2,161.7,147.1,185.2,202.1,188,282,DAL,Brandin,Cooks,WR,2197,WR82
"August 2, 2024",145.4,170.5,148.4,188.5,203.6,193.3,278.3,DAL,Rico,Dowdle,RB,7021,RB60
"August 2, 2024",211,195.1,197.9,190.3,204.1,196.9,289.2,NYG,Wan'Dale,Robinson,WR,8126,WR83
"August 2, 2024",173.3,175.7,164.1,199.4,205.8,197.9,280.3,DEN,Jaleel,McLaughlin,RB,11439,RB61
"August 2, 2024",290.6,191,283.4,,206.8,,308.9,LV,Aidan,O'Connell,QB,10866,QB37
"August 2, 2024",240,233.4,232.6,183.9,207,185.1,290.4,PHI,Will,Shipley,RB,11577,RB62
"August 2, 2024",256.7,218.3,242,214.6,208,215.2,340,DEN,Greg,Dulcich,TE,8172,TE26
"August 2, 2024",241.2,238.5,235.8,200.6,209.6,191,292.4,SF,Isaac,Guerendo,RB,11651,RB63
"August 2, 2024",237.1,227.1,206.8,203.8,210,199.3,338.9,JAX,Tank,Bigsby,RB,9225,RB64
"August 2, 2024",180,174.4,166.4,210.7,211.6,213.7,287,NE,Hunter,Henry,TE,3214,TE27
"August 2, 2024",210.5,194.8,195.6,208.3,212.5,215.6,320.5,SEA,Noah,Fant,TE,5857,TE28
"August 2, 2024",215.5,197.5,179.3,186.2,213.9,187.4,287.4,CHI,Khalil,Herbert,RB,7608,RB65
"August 2, 2024",255,179.3,269,,214.7,,319.9,MIN,Sam,Darnold,QB,4943,QB38
"August 2, 2024",176.8,154.8,151,204.6,215,203.1,261.8,NO,Taysom,Hill,TE,4381,TE29
"August 2, 2024",177.6,177.5,170.2,191.1,215.5,201.1,277.3,CAR,Adam,Thielen,WR,1689,WR84
"August 2, 2024",,,,285.9,217.8,260.6,356.7,NYJ,Jordan,Travis,QB,11567,QB39
"August 2, 2024",198.1,205.1,205.1,220,218,198.1,196.1,DAL,Dallas,Cowboys,DEF,DAL,DEF1
"August 2, 2024",265,245.4,253.7,206.4,218.6,204,347.2,NYG,Jalin,Hyatt,WR,9497,WR85
"August 2, 2024",292.5,246.6,271.2,206.6,219.3,206.6,355,MIA,Malik,Washington,WR,11610,WR86
"August 2, 2024",260.4,237.2,233.3,212.7,220.3,212.5,351.5,LV,Dylan,Laube,RB,11574,RB66
"August 2, 2024",,251.4,281.9,215.8,221.4,211.2,359.2,TEN,Treylon,Burks,WR,8135,WR87
"August 2, 2024",202.9,205.9,203.9,225,222,205.9,198.9,BAL,Baltimore,Ravens,DEF,BAL,DEF2
"August 2, 2024",260.5,257.5,259.5,225,222,259.5,253.5,BUF,Buffalo,Bills,DEF,BUF,DEF3
"August 2, 2024",,267.7,,249.9,222.9,226.2,350.6,CIN,Erick,All,TE,11592,TE30
"August 2, 2024",272.2,244,247.7,217.4,223.6,214.3,,CLE,Elijah,Moore,WR,7596,WR88
"August 2, 2024",,273,,215.9,224.2,218.8,362.3,HOU,Cade,Stover,TE,11599,TE31
"August 2, 2024",204.9,206.9,177.5,211.4,224.3,205.7,341.5,SF,Elijah,Mitchell,RB,7561,RB67
"August 2, 2024",156.6,161.6,155.6,219,226,157.6,156.6,SF,,,,,
"August 2, 2024",230,211,197.5,213.9,226.4,202.9,341.7,LV,Alexander,Mattison,RB,5987,
"August 2, 2024",274.4,242.5,256.7,219.7,227.8,217.1,358.7,ATL,Rondale,Moore,WR,7601,
"August 2, 2024",254.4,219.2,231.8,251.4,228,244.2,389.8,IND,Jelani,Woods,TE,8219,
"August 2, 2024",260.7,228.6,240.4,205.4,229.8,206.2,346.1,GB,AJ,Dillon,RB,6828,
"August 2, 2024",286,260.2,275.5,242.5,230.2,220,363.5,BAL,Rasheen,Ali,RB,11570,
"August 2, 2024",203.7,176.4,178.6,239.3,231.6,242.5,323.5,NYJ,Tyler,Conklin,TE,5133,
"August 2, 2024",,,,,232.6,,,DAL,Trey,Lance,QB,7610,
"August 2, 2024",298.2,275.4,276.7,245.7,233.5,223,,CAR,Jonathan,Mingo,WR,10225,
"August 2, 2024",,,,248,233.5,232,365.9,SF,Jacob,Cowing,WR,11616,
"August 2, 2024",164.7,165.7,166.7,229,235,164.7,168.7,NYJ,New York,Jets,DEF,NYJ,
"August 2, 2024",242.6,201.9,211.5,263.6,235.4,254.7,,NO,Juwan,Johnson,TE,7002,
"August 2, 2024",236.3,224.1,250.1,218.1,236.3,219.6,353.5,TEN,Tyler,Boyd,WR,3225,
"August 2, 2024",224.2,204.3,204.5,250,237.5,229.4,347.1,CIN,Mike,Gesicki,TE,4993,
"August 2, 2024",275.3,247.3,284.4,254,238.7,236.3,,NO,A.T.,Perry,WR,10863,
"August 2, 2024",,,,240.6,239.2,224.4,,KC,Jared,Wiley,TE,11595,
"August 2, 2024",,,298.4,209.1,240.7,208.7,365.9,BUF,Frank,Gore,RB,11573,
"August 2, 2024",257.9,231.3,245.6,253.4,241.3,228.4,,LAC,DJ,Chark,WR,4951,
"August 2, 2024",242.2,222.7,244.3,251.5,242.5,230.8,,ARI,Zay,Jones,WR,4080,
"August 2, 2024",222.2,224.2,188.2,241.5,242.8,221.3,361,KC,Clyde,Edwards-Helaire,RB,6820,
"August 2, 2024",211.2,211.2,209.2,243,243,208.2,211.2,PHI,Philadelphia,Eagles,DEF,PHI,
"August 2, 2024",239.4,229.1,210.4,221.4,244,224.7,364.6,MIA,Odell,Beckham,WR,2078,
"August 2, 2024",,203.8,296,,245,,397.2,NE,Jacoby,Brissett,QB,3257,
"August 2, 2024",207.9,208.9,207.9,246,246,204.9,208.9,PIT,,,,,
"August 2, 2024",233.8,215.7,237.4,278.7,246.6,,,LAR,Colby,Parkinson,TE,6865,
"August 2, 2024",212.8,211.8,205.8,248,247,209.8,213.8,KC,Kansas City,Chiefs,DEF,KC,
"August 2, 2024",253.8,220,236.7,246.2,247.3,231.5,,ARI,Greg,Dortch,WR,5970,
"August 2, 2024",,241.4,,,248.2,,,NYG,Drew,Lock,QB,5854,
"August 2, 2024",207.1,209.1,208.1,256,249,208.1,209.1,CLE,Cleveland,Browns,DEF,CLE,
"August 2, 2024",269.3,248.7,278.4,257.7,249.1,233.2,,PHI,Kenneth,Gainwell,RB,7567,
"August 2, 2024",263,235.8,254.8,256,250.1,251.3,,BUF,Dawson,Knox,TE,5906,
"August 2, 2024",259.3,239.6,233.6,283.9,251.2,247.7,,DAL,Jalen,Tolbert,WR,8117,
"August 2, 2024",,251.2,285.7,255.5,251.2,237.9,367,CAR,Miles,Sanders,RB,6151,
"August 2, 2024",,260.2,,,253.8,,,CIN,Jake,Browning,QB,6111,
"August 2, 2024",,299.1,291.9,243,254.1,222.3,,KC,Louis,Rees-Zammit,RB,11652,
"August 2, 2024",271.2,232.4,282.7,296.4,255.9,,,NYG,Daniel,Bellinger,TE,8225,
"August 2, 2024",,276,,294.6,256,265.4,,TB,Trey,Palmer,WR,9492,
"August 2, 2024",,,,,257.6,,,DET,Hendon,Hooker,QB,9998,
"August 2, 2024",,,,299.4,258.6,249.2,,PHI,Johnny,Wilson,WR,11636,
"August 2, 2024",,,,292.6,259.3,267.8,,NE,Jaheim,Bell,TE,11605,
"August 2, 2024",,255.4,266,278.3,260.1,245.2,,BUF,Chase,Claypool,WR,6886,
"August 2, 2024",,271.1,277.6,298.8,260.3,257.2,,IND,Evan,Hull,RB,9220,
"August 2, 2024",,,,261,261,,,DEN,Denver,Broncos,DEF,DEN,
"August 2, 2024",233.2,206.1,208.8,,262.7,,,MIA,Jonnu,Smith,TE,4144,
"August 2, 2024",262.4,233.2,239.1,289.4,263.1,248.2,,CLE,D'Onta,Foreman,RB,4111,
"August 2, 2024",293.5,249.9,278.5,262.4,264.9,262.3,,NE,K.J.,Osborn,WR,7066,
"August 2, 2024",,,,295.5,265,260.5,,PHI,Ainias,Smith,WR,11615,
"August 2, 2024",267.4,240.2,249.6,,266.4,266.8,,NYG,Darius,Slayton,WR,6149,
"August 2, 2024",289.9,269.9,273.5,287.4,267.5,246.6,,DAL,Deuce,Vaughn,RB,9505,
"August 2, 2024",,,,,268.9,251.9,,CIN,Andrei,Iosivas,WR,10226,
"August 2, 2024",,,,281.4,269.4,242.1,,LAC,Cornelius,Johnson,WR,11815,
"August 2, 2024",297.4,256.1,,286.1,269.6,,,NYG,Eric,Gray,RB,10223,
"August 2, 2024",,,,,271.9,269.5,,CLE,Jamari,Thrash,WR,11633,
"August 2, 2024",,,,,272.7,,,NE,Joe,Milton,QB,11557,
"August 2, 2024",,,,,273,271.1,,CLE,Cedric,Tillman,WR,10444,
"August 2, 2024",,,,288,274.4,,,CAR,Jalen,Coker,WR,11646,
"August 2, 2024",,,,293.7,275.3,255.8,,IND,Alec,Pierce,WR,8142,
"August 2, 2024",266.5,266.5,257.5,279,276,264.5,262.5,NE,New England,Patriots,DEF,NE,
"August 2, 2024",,,,,276.7,253.6,,NYJ,Isaiah,Davis,RB,11571,
"August 2, 2024",,,,,277.5,268.5,,NYJ,Israel,Abanikanda,RB,9227,
"August 2, 2024",207.2,205.2,214.2,281,278,210.2,212.2,TB,,,,,
"August 2, 2024",,269.2,,258.2,278.8,259,,LAR,Tutu,Atwell,WR,7562,
"August 2, 2024",296.3,,,,278.9,269.3,,KC,Kadarius,Toney,WR,7606,
"August 2, 2024",280.2,253.6,264.3,,280,296.7,,IND,Trey,Sermon,RB,7593,
"August 2, 2024",221.1,212.8,191.8,277.2,281.4,,,LAR,Demarcus,Robinson,WR,3286,
"August 2, 2024",290.8,289.8,296.8,284,282,295.8,298.8,JAX,Jacksonville,Jaguars,DEF,JAX,
"August 2, 2024",,257.3,,,282.2,,,CLE,Jameis,Winston,QB,2306,
"August 2, 2024",,236.6,,,283.2,,,IND,Joe,Flacco,QB,19,
"August 2, 2024",293.6,293.6,292.6,283,284,290.6,291.6,GB,Green Bay,Packers,DEF,GB,
"August 2, 2024",,,,280,284.2,,,DAL,Ryan,Flournoy,WR,11783,
"August 2, 2024",266.7,226,246.4,,285.4,,,WAS,Zach,Ertz,TE,1339,
"August 2, 2024",273.4,242.1,255.9,,286.7,272.7,,NE,Kendrick,Bourne,WR,4454,
"August 2, 2024",,,,291.3,287.1,,,NO,Bub,Means,WR,11748,
"August 2, 2024",,,,,287.7,,,CAR,Dillon,Johnson,RB,11580,
"August 2, 2024",,,,,289,,,PHI,Kenny,Pickett,QB,8160,
"August 2, 2024",269.8,230.6,272.7,,290.1,,,LAC,Hayden,Hurst,TE,4973,
"August 2, 2024",,,,,291.1,263.3,,WAS,Chris,Rodriguez,RB,10219,
"August 2, 2024",291,254.5,274.1,,292.1,,,LV,Tre,Tucker,WR,10213,
"August 2, 2024",,,,296.7,293.1,,,DEN,Blake,Watson,RB,11568,
"August 2, 2024",,,,260.1,294.8,250.8,,HOU,John,Metchie,WR,8147,
"August 2, 2024",,,,,295.9,,,DEN,Zach,Wilson,QB,7538,
"August 2, 2024",,,,,296.2,,,ARI,Desmond,Ridder,QB,8159,
"August 2, 2024",,,,,296.3,,,JAX,Mac,Jones,QB,7527,
"August 2, 2024",,278.8,,,298.6,,,BAL,Michael,Thomas,WR,3199,
"August 2, 2024",,,,,299.7,,,SEA,AJ,Barner,TE,11603,
"August 2, 2024",215.9,209.9,216.9,,,215.9,217.9,SEA,,,,,
"August 2, 2024",210.7,213.7,214.7,,,207.7,214.7,WAS,,,,,
"August 2, 2024",208.9,214.9,208.9,,,213.9,213.9,MIA,Miami,Dolphins,DEF,MIA,
"August 2, 2024",260.5,252.5,254.5,,,258.5,260.5,DET,Detroit,Lions,DEF,DET,
"August 2, 2024",255.5,255.5,261.5,,,255.5,254.5,HOU,Houston,Texans,DEF,HOU,
"August 2, 2024",253.1,258.1,259.1,,,261.1,259.1,TEN,,,,,
"August 2, 2024",260.2,258.2,265.2,,,265.2,265.2,NYG,New York,Giants,DEF,NYG,
"August 2, 2024",261.4,258.4,262.4,,,257.4,262.4,LV,Las Vegas,Raiders,DEF,LV,
"August 2, 2024",295.8,258.4,,,,,,DEN,Samaje,Perine,RB,4147,
"August 2, 2024",263.1,261.1,257.1,,,263.1,264.1,NO,New Orleans,Saints,DEF,NO,
"August 2, 2024",,262.1,,,,,,BUF,Marquez,Valdes-Scantling,WR,5086,
"August 2, 2024",258.3,263.3,268.4,,,,,BAL,Justice,Hill,RB,5995,
"August 2, 2024",,264.6,,,,,,DEN,Jarrett,Stidham,QB,6136,
"August 2, 2024",,265.4,299.7,,,,,CHI,Gerald,Everett,TE,4089,
"August 2, 2024",299.9,266,269.6,,,,,DEN,Josh,Reynolds,WR,4171,
"August 2, 2024",264.2,267.2,265.2,,,260.2,264.2,MIN,Minnesota,Vikings,DEF,MIN,
"August 2, 2024",,268.4,,,,,,LAC,Donald,Parham,TE,6074,
"August 2, 2024",296.4,272.4,,,,,,LAR,Tyler,Higbee,TE,3271,
"August 2, 2024",294.4,274.4,280.8,259,,233.4,,NO,Jamaal,Williams,RB,4149,
"August 2, 2024",,277.3,,,,,,KC,Michael,Gallup,WR,5038,
"August 2, 2024",149.9,280,212.1,222.4,,273.8,368.4,BAL,Justin,Tucker,K,1264,
"August 2, 2024",154.2,282.4,215.1,227.6,,278.8,370,DAL,Brandon,Aubrey,K,11533,
"August 2, 2024",152.1,286.6,214.6,224.7,,274.2,369.1,KC,Harrison,Butker,K,4227,
"August 2, 2024",289.8,286.8,284.8,,,285.8,289.8,CHI,Chicago,Bears,DEF,CHI,
"August 2, 2024",156.8,287.8,218.7,226.1,,275.3,371.7,CIN,Evan,McPherson,K,7839,
"August 2, 2024",188.8,287.9,227.4,237.6,,286,371.9,SF,Jake,Moody,K,10937,
"August 2, 2024",295.9,288.9,294.9,,,287.9,293.9,LAR,Los Angeles,Rams,DEF,LAR,
"August 2, 2024",293,290,295,,,295,294,IND,Indianapolis,Colts,DEF,IND,
"August 2, 2024",159.2,290.7,221.4,230.4,,280.3,373.6,ATL,Younghoe,Koo,K,4666,
"August 2, 2024",296,292,292,,,290,298,LAC,Los Angeles,Chargers,DEF,LAC,
"August 2, 2024",158.1,292.9,224.2,233.8,,285.9,374.5,PHI,Jake,Elliott,K,4195,
"August 2, 2024",194.5,293,228.9,265.9,,291.8,376.3,HOU,Ka'imi,Fairbairn,K,3451,
"August 2, 2024",190.5,294.6,258.3,236.7,,290.8,375.7,LAC,Cameron,Dicker,K,8259,
"August 2, 2024",160.3,295.8,224.1,238.9,,287,377.1,BUF,Tyler,Bass,K,7042,
"August 2, 2024",,296.5,,,,,,PIT,Cordarrelle,Patterson,RB,1535,
"August 2, 2024",,296.6,295.1,,,,,NYJ,Xavier,Gipson,WR,11306,
"August 2, 2024",,298.1,,,,,,MIN,Robert,Tonyan,TE,4602,
"August 2, 2024",199,,230.8,272.8,,296.9,377.6,MIA,Jason,Sanders,K,5119,
"August 2, 2024",200.1,,262.7,275,,,387.6,LV,Daniel,Carlson,K,5095,
"August 2, 2024",246,,,276.3,,,,IND,Matt,Gay,K,6083,
"August 2, 2024",277.9,,287.9,,,,,SEA,Jason,Myers,K,2747,
"August 2, 2024",287.6,,,,,,,IND,Brandon,McManus,K,1433,
"August 2, 2024",,,,,,,65.7,DAL,Micah,Parsons,LB,7640,
"August 2, 2024",,,,,,,74.2,LV,Maxx,Crosby,DE,5991,
"August 2, 2024",,,,,,,76.5,JAX,Foyesade,Oluokun,LB,5332,
"August 2, 2024",,,,,,,77.3,PIT,T.J.,Watt,LB,4070,
"August 2, 2024",,,,,,,81,BAL,Roquan,Smith,LB,4960,
"August 2, 2024",,,,,,,85.8,DET,Aidan,Hutchinson,DL,8289,
"August 2, 2024",,,,,,,94.8,SF,Nick,Bosa,DE,5816,
"August 2, 2024",,,,,,,95.1,IND,Zaire,Franklin,LB,5346,
"August 2, 2024",,,,,,,101.2,CLE,Myles,Garrett,DE,3973,
"August 2, 2024",,,,,,,104.1,HOU,Will,Anderson,LB,10892,
"August 2, 2024",,,,,,,107.2,SF,Fred,Warner,LB,5041,
"August 2, 2024",,,,,,,116.2,JAX,Josh,Hines-Allen,DE,5840,
"August 2, 2024",,,,,,,118,CHI,T.J.,Edwards,LB,5960,
"August 2, 2024",,,,,,,120,NYG,Bobby,Okereke,LB,5944,
"August 2, 2024",,,,,,,123,BAL,Kyle,Hamilton,DB,8339,
"August 2, 2024",,,,,,,124.8,TB,Antoine,Winfield,DB,6888,
"August 2, 2024",,,,,,,125.8,LAR,Ernest,Jones,LB,7672,
"August 2, 2024",,,,,,,127.8,HOU,Danielle,Hunter,DE,2393,
"August 2, 2024",,,,,,,128.3,KC,Nick,Bolton,LB,7648,
"August 2, 2024",,,,,,,134,PIT,Patrick,Queen,LB,6807,
"August 2, 2024",,,,,,,137.5,NYG,Kayvon,Thibodeaux,DL,8355,
"August 2, 2024",,,,,,,145,ATL,Jessie,Bates,DB,5017,
"August 2, 2024",,,,,,,147.1,LAC,Derwin,James,DB,4971,
"August 2, 2024",,,,,,,152.1,BUF,Terrel,Bernard,LB,8311,
"August 2, 2024",,,,,,,153,CHI,Montez,Sweat,DE,6124,
"August 2, 2024",,,,,,,154.5,NYJ,Sauce,Gardner,DB,8290,
"August 2, 2024",,,,,,,157.8,NYG,Brian,Burns,DE,5862,
"August 2, 2024",,,,,,,159.1,NYJ,Quincy,Williams,LB,6214,
"August 2, 2024",,,,,,,161.5,DEN,Alex,Singleton,LB,2617,
"August 2, 2024",,,,,,,163.8,GB,Xavier,McKinney,DB,6788,
"August 2, 2024",,,,,,,164.3,GB,Quay,Walker,LB,8266,
"August 2, 2024",,,,,,,165.4,IND,DeForest,Buckner,DT,3172,
"August 2, 2024",,,,,,,167.8,MIA,Jordyn,Brooks,LB,6949,
"August 2, 2024",,,,,,,170.8,IND,Laiatu,Latu,DL,11669,
"August 2, 2024",,,,,,,173.6,LV,Christian,Wilkins,DT,6120,
"August 2, 2024",,,,,,,175.8,MIN,Dallas,Turner,LB,11667,
"August 2, 2024",,,,,,,176.6,CIN,Logan,Wilson,LB,6880,
"August 2, 2024",,,,,,,177.5,HOU,Azeez,Al-Shaair,LB,6485,
"August 2, 2024",,,,,,,179,MIN,Camryn,Bynum,DB,7715,
"August 2, 2024",,,,,,,182.8,NYJ,Quinnen,Williams,DT,6118,
"August 2, 2024",,,,,,,185.1,PHI,Jalen,Carter,DL,10888,
"August 2, 2024",,,,,,,189.3,JAX,Devin,Lloyd,LB,8329,
"August 2, 2024",,,,,,,195.7,LAC,Junior,Colson,LB,11701,
"August 2, 2024",,,,,,,197.3,WAS,Bobby,Wagner,LB,1233,
"August 2, 2024",,,,,,,199.5,GB,Edgerrin,Cooper,LB,11687,
"August 2, 2024",,,,,,,215.9,DET,Brian,Branch,DB,10905,
"August 2, 2024",,,,,,,218.2,PIT,Minkah,Fitzpatrick,DB,4963,
"August 2, 2024",,,,,,,219.3,MIN,Ivan,Pace,LB,11086,
"August 2, 2024",,,,,,,220.5,SEA,Devon,Witherspoon,DB,10891,
"August 2, 2024",,,,,,,221.5,CHI,Jaquan,Brisker,DB,8323,
"August 2, 2024",,,,,,,223.3,DEN,Pat,Surtain,CB,7641,
"August 2, 2024",,,,,,,224.3,CIN,Trey,Hendrickson,DE,4135,
"August 2, 2024",,,,,,,226.6,CLE,Jeremiah,Owusu-Koramoah,LB,7651,
"August 2, 2024",,,,,,,227.4,SEA,Julian,Love,DB,5876,
"August 2, 2024",,,,,,,227.7,KC,Trent,McDuffie,DB,8364,
"August 2, 2024",,,,,,,229.5,LAR,Jared,Verse,DL,11665,
"August 2, 2024",,,,,,,230.2,CHI,Tremaine,Edmunds,LB,4968,
"August 2, 2024",,,,,,,231.5,PHI,Devin,White,LB,6119,
"August 2, 2024",,,,,,,232,NYJ,C.J.,Mosley,LB,1875,
"August 2, 2024",,,,,,,233.5,KC,Chris,Jones,DT,3558,
"August 2, 2024",,,,,,,233.6,JAX,Travon,Walker,LB,8265,
"August 2, 2024",,,,,,,235.6,MIN,Joshua,Metellus,DB,6901,
"August 2, 2024",,,,,,,237.5,MIA,Jaelan,Phillips,LB,7635,
"August 2, 2024",,,,,,,238.6,KC,George,Karlaftis,DL,8385,
"August 2, 2024",,,,,,,239.7,BAL,Justin,Madubuike,DT,6818,
"August 2, 2024",,,,,,,241,DET,Jack,Campbell,LB,10880,
"August 2, 2024",,,,,,,242.7,HOU,Jalen,Pitre,DB,8314,
"August 2, 2024",,,,,,,243,PHI,C.J.,Gardner-Johnson,DB,5893,
"August 2, 2024",,,,,,,245,ARI,Budda,Baker,DB,4081,
"August 2, 2024",,,,,,,246,WAS,Frankie,Luvu,LB,5580,
"August 2, 2024",,,,,,,247.3,NE,Kyle,Dugger,DB,6872,
"August 2, 2024",,,,,,,248.4,CHI,Kevin,Byard,DB,3233,
"August 2, 2024",,,,,,,250.6,DET,Alex,Anzalone,LB,4118,
"August 2, 2024",,,,,,,251.9,PHI,Cooper,DeJean,DB,11678,
"August 2, 2024",,,,,,,254.9,PIT,Alex,Highsmith,LB,7113,
"August 2, 2024",,,,,,,256.4,DAL,DaRon,Bland,DB,8476,
"August 2, 2024",,,,,,,257.6,LAC,Khalil,Mack,LB,2036,
"August 2, 2024",,,,,,,257.7,LV,Robert,Spillane,LB,5726,
"August 2, 2024",,,,,,,259,NYJ,Haason,Reddick,LB,4063,
"August 2, 2024",,,,,,,262.6,SEA,Byron,Murphy,DL,11668,
"August 2, 2024",,,,,,,269.8,BUF,Greg,Rousseau,DE,7627,
"August 2, 2024",,,,,,,273.3,NYG,Isaiah,Simmons,DB,6781,
"August 2, 2024",,,,,,,274.7,DAL,Trevon,Diggs,CB,6809,
"August 2, 2024",,,,,,,284.9,PIT,Payton,Wilson,LB,11727,
"August 2, 2024",,,,,,,293.4,SF,Talanoa,Hufanga,DB,7811,
"August 2, 2024",,,,,,,293.5,ATL,Arnold,Ebiketie,DL,8325,
"August 2, 2024",,,,,,,295.9,CAR,Derrick,Brown,DT,6784,
"August 2, 2024",,,,,,,296.9,TEN,L'Jarius,Sneed,CB,7117,
"August 2, 2024",,,,,,,297.4,LAR,Kamren,Curl,DB,7136,
"August 2, 2024",,,,,,,298.2,HOU,Christian,Harris,LB,8278,
"August 2, 2024",,,,,,,299.3,SEA,Tyrel,Dodson,LB,6315,
"August 2, 2024",,,,,,,299.8,TB,Lavonte,David,LB,1192,
"August 2, 2024",,,,,,,301.3,HOU,Derek,Stingley,DB,8308,
"August 2, 2024",,,,,,,302.4,PHI,Reed,Blankenship,DB,8406,
"August 2, 2024",,,,,,,303.2,SF,Dre,Greenlaw,LB,6056,
"August 2, 2024",,,,,,,304.8,NYJ,Jermaine,Johnson,LB,8398,
"August 2, 2024",,,,,,,305.2,LAR,Byron,Young,LB,10917,
"August 2, 2024",,,,,,,307.1,MIA,Chop,Robinson,DE,11663,
"August 2, 2024",,,,,,,309.6,MIA,Jevon,Holland,DB,7666,
"August 2, 2024",,,,,,,310.9,LAC,Joey,Bosa,LB,3156,
"August 2, 2024",,,,,,,311.4,MIN,Jonathan,Greenard,DE,6900,
"August 2, 2024",,,,,,,312,ARI,Kyzir,White,LB,5348,
"August 2, 2024",,,,,,,313.9,TEN,Harold,Landry,LB,5030,
"August 2, 2024",,,,,,,314.9,NE,Christian,Gonzalez,DB,10881,
"August 2, 2024",,,,,,,315.9,DET,Kerby,Joseph,DB,8348,
"August 2, 2024",,,,,,,316.2,GB,Rashan,Gary,LB,5839,
"August 2, 2024",,,,,,,317.3,CAR,Josey,Jewell,LB,5334,
"August 2, 2024",,,,,,,321.5,KC,Drue,Tranquill,LB,6141,
"August 2, 2024",,,,,,,323.9,PHI,Quinyon,Mitchell,CB,11662,
"August 2, 2024",,,,,,,325.7,NYG,Dexter,Lawrence,DT,5847,
"August 2, 2024",,,,,,,326.5,NE,Matthew,Judon,LB,3303,
"August 2, 2024",,,,,,,327.3,MIA,Bradley,Chubb,LB,4967,
"August 2, 2024",,,,,,,328.7,CLE,Grant,Delpit,DB,6799,
"August 2, 2024",,,,,,,329.5,DET,Terrion,Arnold,DB,11661,
"August 2, 2024",,,,,,,329.7,DAL,Eric,Kendricks,LB,2350,
"August 2, 2024",,,,,,,331.5,LAC,Tuli,Tuipulotu,DL,10898,
"August 2, 2024",,,,,,,332.3,CIN,Dax,Hill,DB,8286,
"August 2, 2024",,,,,,,333,BUF,Taylor,Rapp,DB,5882,
"August 2, 2024",,,,,,,334.9,CIN,Jordan,Battle,DB,10927,
"August 2, 2024",,,,,,,335,ARI,Darius,Robinson,DL,11658,
"August 2, 2024",,,,,,,335.9,BUF,Cole,Bishop,DB,11682,
"August 2, 2024",,,,,,,337.1,TEN,Jeffery,Simmons,DT,6125,
"August 2, 2024",,,,,,,339,NYG,Tyler,Nubin,DB,11674,
"August 2, 2024",,,,,,,343.1,IND,Kenny,Moore,CB,4427,
"August 2, 2024",,,,,,,344.9,NO,Kool-Aid,McKinstry,DB,11675,
"August 2, 2024",,,,,,,345.7,GB,Javon,Bullard,DB,11686,
"August 2, 2024",,,,,,,349.4,NO,Pete,Werner,LB,7647,
"August 2, 2024",,,,,,,352.3,NO,Chase,Young,DE,6782,
"August 2, 2024",,,,,,,353.9,BAL,Nate,Wiggins,CB,11656,
"August 2, 2024",,,,,,,357.9,MIA,Jalen,Ramsey,CB,3160,
"August 2, 2024",,,,,,,359.3,SEA,Riq,Woolen,DB,8374,
"August 2, 2024",,,,,,,379,BAL,Trenton,Simpson,LB,10935,
"August 2, 2024",,,,,,,380.7,LV,Malcolm,Koonce,DE,7676,
"August 2, 2024",,,,,,,381.4,TEN,Kenneth,Murray,LB,6811,
"August 2, 2024",,,,,,,382.6,NO,Carl,Granderson,DE,5912,
"August 2, 2024",,,,,,,383.3,ATL,Troy,Andersen,LB,8388,
"August 2, 2024",,,,,,,383.4,LAR,Kobie,Turner,DT,10916,
"August 2, 2024",,,,,,,385.4,NE,Christian,Barmore,DT,7664,
"August 2, 2024",,,,,,,386.5,NYG,Micah,McFadden,LB,8396,
"August 2, 2024",,,,,,,388.5,BUF,Taron,Johnson,CB,5341,
"August 2, 2024",,,,,,,389.7,NO,Demario,Davis,LB,1052,
"August 2, 2024",,,,,,,391.2,BUF,Matt,Milano,LB,4191,
"August 2, 2024",,,,,,,392.4,CLE,Jordan,Hicks,LB,2389,
"August 2, 2024",,,,,,,394.3,IND,E.J.,Speed,LB,6218,
"August 2, 2024",,,,,,,395,PHI,Nakobe,Dean,LB,8267,
"August 2, 2024",,,,,,,395.1,NE,Ja'Whaun,Bentley,LB,5318,
"August 2, 2024",,,,,,,398.3,SEA,Boye,Mafe,DL,8343,
"August 2, 2024",,,,,,,399.4,PHI,Bryce,Huff,DE,7391,
"August 2, 2024",,,,220.9,,227.1,,HOU,Dalvin,Cook,RB,4029,
"August 2, 2024",,,,260.8,,238.4,,NE,JuJu,Smith-Schuster,WR,4040,
"August 2, 2024",,,,,,300,,KC,Emani,Bailey,RB,11998,
