id,espn_id,gsis_id,years_exp,birth_country,age,injury_body_part,injury_status,sportradar_id,player_id,rotoworld_id,birth_city,height,active,stats_id,practice_description,search_full_name,practice_participation,sport,depth_chart_order,birth_date,first_name,fantasy_positions,news_updated,status,number,team_abbr,weight,competitions,birth_state,injury_start_date,full_name,college,rotowire_id,high_school,search_last_name,yahoo_id,metadata,search_rank,last_name,injury_notes,search_first_name,team,position,fantasy_data_id,hashtag,oddsjam_id,depth_chart_position,pandascore_id,swish_id,opta_id,Player Id,positional_rank,adp
11533,,,1.0,,29.0,,,110e6fe0-1c34-11ee-8294-af17faac15de,11533,,,75,True,,,brandonaubrey,,nfl,1.0,1995-03-14,Brandon,['K'],1706637651312.0,Active,17.0,,208,[],,,Brandon Aubrey,Notre Dame,17649.0,Plano Senior (TX),aubrey,,"{'channel_id': '1113708850915078145', 'rookie_year': '2023'}",162.0,Aubrey,,brandon,DAL,K,,#brandonaubrey-NFL-DAL-17,872D94B3727D,K,,1454349.0,,11533,K2,249.5
6786,4241389.0,,4.0,,25.0,,,a72ea15b-5199-4101-a300-846e1c655add,6786,,,74,True,,,ceedeelamb,,nfl,1.0,1999-04-08,CeeDee,['WR'],1722021044757.0,Active,88.0,,200,[],,,CeeDee Lamb,Oklahoma,14411.0,Foster (TX),lamb,32687.0,"{'channel_id': '1113708855537201152', 'rookie_year': '2020'}",3.0,Lamb,,ceedee,DAL,WR,21679.0,#ceedeelamb-NFL-DAL-88,85450367222D,LWR,,1062020.0,,6786,WR2,2.2
7553,,,3.0,,23.0,,,1f3deb24-9ff8-4769-8f42-825eff7742f6,7553,,,78,True,,,kylepitts,,nfl,1.0,2000-10-06,Kyle,['TE'],1721137560589.0,Active,8.0,,246,[],,,Kyle Pitts,Florida,15265.0,Archbishop Wood (PA),pitts,,"{'channel_id': '1113708858418688001', 'rookie_year': '2021'}",56.0,Pitts,,kyle,ATL,TE,,#kylepitts-NFL-ATL-8,BD527CDCA6B3,TE,,1123026.0,,7553,TE5,58.7
3294,2577417.0,00-0033077,8.0,,30.0,,,86197778-8d4b-4eba-affe-08ef7be7c70b,3294,11318.0,,74,True,591816.0,,dakprescott,,nfl,1.0,1993-07-29,Dak,['QB'],1721949036994.0,Active,4.0,,238,[],,,Dak Prescott,Mississippi State,11008.0,Haughton (LA),prescott,29369.0,"{'channel_id': '1113708854606065664', 'rookie_year': '2016'}",43.0,Prescott,,dak,DAL,QB,18055.0,#dakprescott-NFL-DAL-4,4E18B0FEC4C5,QB,,591816.0,,3294,QB15,74.7
8138,,,2.0,,24.0,,,ce5de0e5-9f76-42ee-b93a-3ef88af9b0a7,8138,,,71,True,,,jamescook,,nfl,1.0,1999-09-25,James,['RB'],1714419018025.0,Active,4.0,,190,[],,,James Cook,Georgia,15876.0,Miami Central (FL),cook,,"{'channel_id': '1113708758887854080', 'rookie_year': '2022'}",44.0,Cook,,james,BUF,RB,,#jamescook-NFL-BUF-4,7DB0E4BED07E,RB,,1131012.0,,8138,RB14,45.8
8136,,,2.0,,25.0,,,4d3f2f57-215c-4cb4-bf75-a7ecdcdded70,8136,,,72,True,,,rachaadwhite,,nfl,1.0,1999-01-12,Rachaad,['RB'],1705880417432.0,Active,1.0,,214,[],,,Rachaad White,Arizona State,15802.0,Center (MO),white,,"{'channel_id': '1113708728990855168', 'rookie_year': '2022'}",39.0,White,,rachaad,TB,RB,,#rachaadwhite-NFL-TB-1,2820805E8162,RB,,1229343.0,,8136,RB12,40.7
4227,3055899.0,00-0033303,7.0,,29.0,,,4ceb866c-8eaf-49b5-9043-56228e43a2e5,4227,12433.0,,76,True,748560.0,,harrisonbutker,,nfl,1.0,1995-07-14,Harrison,['K'],1717116907256.0,Active,7.0,,205,[],,,Harrison Butker,Georgia Tech,11783.0,Westminster (GA),butker,30346.0,"{'channel_id': '1113708748775387136', 'rookie_year': '2017'}",160.0,Butker,,harrison,KC,K,19073.0,#harrisonbutker-NFL-KC-7,4BCF56F823B8,K,,748560.0,,4227,K4,220.1
7526,,,3.0,,25.0,,,0ff9a975-669d-4851-a95d-ab28d9fc29c4,7526,,,70,True,,,jaylenwaddle,,nfl,2.0,1998-11-25,Jaylen,['WR'],1717079102346.0,Active,17.0,,185,[],,,Jaylen Waddle,Alabama,15404.0,Episcopal (TX),waddle,,"{'channel_id': '1113708735299088384', 'rookie_year': '2021'}",34.0,Waddle,,jaylen,MIA,WR,,#jaylenwaddle-NFL-MIA-17,100F669A3109,LWR,,1125749.0,,7526,WR14,35.7
4666,3049899.0,00-0033702,7.0,,29.0,,,a8c79523-3d0e-48dd-b4c6-e3d8afd24a13,4666,12566.0,,69,True,,,younghoekoo,,nfl,1.0,1994-08-03,Younghoe,['K'],1705510860148.0,Active,6.0,,185,[],,,Younghoe Koo,Georgia Southern,12292.0,Ridgewood (NJ),koo,30426.0,"{'channel_id': '1113708862659129344', 'rookie_year': '2017'}",165.0,Koo,,younghoe,ATL,K,19565.0,#younghoekoo-NFL-ATL-6,990C6C670773,K,,750072.0,,4666,K5,251.4
5844,4036133.0, 00-0035229,5.0,,27.0,Knee - ACL + MCL,PUP,bd1120b6-38b3-4225-a4b0-20660a149d0d,5844,14051.0,,77,True,923915.0,,tjhockenson,,nfl,1.0,1997-07-03,T.J.,['TE'],1721681409522.0,Active,87.0,,248,[],,,T.J. Hockenson,Iowa,13610.0,Chariton (IA),hockenson,31840.0,"{'channel_id': '1113708711928426496', 'rookie_year': '2019'}",82.0,Hockenson,Surgery,tj,MIN,TE,20805.0,#tjhockenson-NFL-MIN-87,B33E7A0D7428,TE,,923915.0,,5844,TE8,107.5
6790,4259545.0,,4.0,,25.0,,,cc4b5f58-a11c-4450-a1df-617ad88336e4,6790,,,69,True,,,dandreswift,,nfl,1.0,1999-01-14,D'Andre,['RB'],1717263324469.0,Active,4.0,,215,[],,,D'Andre Swift,Georgia,14394.0,St. Joseph's Prep (PA),swift,32705.0,"{'channel_id': '1113708765938479104', 'rookie_year': '2020'}",66.0,Swift,,dandre,CHI,RB,21684.0,#dandreswift-NFL-CHI-4,8FC377188DC7,RB,,1069808.0,,6790,RB16,68.0
6768,4241479.0,,4.0,,26.0,,,26ad9c27-de38-495e-913c-6fb2428e76d3,6768,14839.0,,73,True,,,tuatagovailoa,,nfl,1.0,1998-03-02,Tua,['QB'],1722024642249.0,Active,1.0,,227,[],,,Tua Tagovailoa,Alabama,14465.0,St. Louis (HI),tagovailoa,32675.0,"{'channel_id': '1113708735978565633', 'rookie_year': '2020'}",59.0,Tagovailoa,,tua,MIA,QB,21677.0,#tuatagovailoa-NFL-MIA-1,66B708A8FB24,QB,,973947.0,,6768,QB16,105.6
6904,4040715.0,,4.0,,25.0,,,64bd0f02-6a5d-407e-98f1-fd02048ea21d,6904,,,73,True,,,jalenhurts,,nfl,1.0,1998-08-07,Jalen,['QB'],1721962840729.0,Active,1.0,,223,[],,,Jalen Hurts,Oklahoma,14416.0,Channelview (TX),hurts,32723.0,"{'channel_id': '1113708715887849472', 'rookie_year': '2020'}",9.0,Hurts,,jalen,PHI,QB,21831.0,#jalenhurts-NFL-PHI-1,E3F53FF48C95,QB,,913271.0,,6904,QB4,31.5
11620,,,0.0,,22.0,,,f64694e0-0381-11ef-973d-5176a0ecbee4,11620,,,75,True,,,romeodunze,,nfl,,2002-06-03,Rome,['WR'],1721494254745.0,Active,15.0,,215,[],,,Rome Odunze,Washington,17020.0,Bishop Gorman (NV),odunze,,"{'channel_id': '1113708767121272832', 'rookie_year': '2024'}",56.0,Odunze,,rome,CHI,WR,,#romeodunze-NFL-CHI-15,3549D00B532B,,,1213727.0,,11620,WR15,65.9
6804,4036378.0,,4.0,,25.0,,,e5094779-e94f-4052-8597-bdbee3719f6b,6804,,,76,True,,,jordanlove,,nfl,1.0,1998-11-02,Jordan,['QB'],1722018342375.0,Active,10.0,,219,[],,,Jordan Love,Utah State,14371.0,Liberty (CA),love,32696.0,"{'channel_id': '1113708802567335936', 'rookie_year': '2020'}",27.0,Love,,jordan,GB,QB,21841.0,#jordanlove-NFL-GB-10,E7BCA7FF5B4A,QB,,912137.0,,6804,QB10,85.5
6083,4249087.0, 00-0035269,5.0,,30.0,,,2b90e091-ef78-4753-93eb-0acf3632c206,6083,14248.0,,72,True,,,mattgay,,nfl,1.0,1994-03-15,Matt,['K'],1704728734121.0,Active,7.0,,232,[],,,Matt Gay,Utah,13673.0,Orem (UT),gay,31977.0,"{'channel_id': '1113708776302604288', 'rookie_year': '2019'}",287.0,Gay,,matt,IND,K,20769.0,#mattgay-NFL-IND-7,0B60B7F466E8,K,,1068998.0,,6083,K14,
8259,,,2.0,,24.0,,,ac5dd0b0-d060-11ec-b677-29e0f2526162,8259,,,73,True,,,camerondicker,,nfl,1.0,2000-05-06,Cameron,['K'],1712092558542.0,Active,11.0,,216,[],,,Cameron Dicker,Texas,16226.0,Lake Travis (TX),dicker,,"{'channel_id': '1113708692949200896', 'rookie_year': '2022'}",202.0,Dicker,,cameron,LAC,K,,#camerondicker-NFL-LAC-11,9F57D72441E4,K,,1125872.0,,8259,K7,260.6
8205,,,2.0,,25.0,,,3a25c037-fa30-4740-b742-ec8e4f1a2a25,8205,,,70,True,,,isiahpacheco,,nfl,1.0,1999-03-02,Isiah,['RB'],1707713754729.0,Active,10.0,,216,[],,,Isiah Pacheco,Rutgers,16104.0,Vineland South (NJ),pacheco,,"{'channel_id': '1113708748368539649', 'rookie_year': '2022'}",31.0,Pacheco,,isiah,KC,RB,,#isiahpacheco-NFL-KC-10,64F1AACEA46E,RB,,1106832.0,,8205,RB13,33.0
8110,,,2.0,,25.0,,,f46eab3d-d7dd-4420-b3f9-6da9ac1308ab,8110,,,77,True,,,jakeferguson,,nfl,1.0,1999-01-18,Jake,['TE'],1718299242505.0,Active,87.0,,244,[],,,Jake Ferguson,Wisconsin,15947.0,Vel Phillips Memorial (WI),ferguson,,"{'channel_id': '1113708857487552512', 'rookie_year': '2022'}",87.0,Ferguson,,jake,DAL,TE,,#jakeferguson-NFL-DAL-87,3A6BAC721974,TE,,1065361.0,,8110,TE10,89.7
11589,,,0.0,,22.0,,,0c1253f2-1822-445d-8590-fea6fd32703f,11589,,,73,True,,,treybenson,,nfl,2.0,2002-07-23,Trey,['RB'],1714182928135.0,Active,33.0,,223,[],,,Trey Benson,Florida State,17767.0,St. Joseph Catholic (MS),benson,,"{'channel_id': '1113708844208386048', 'rookie_year': '2024'}",105.0,Benson,,trey,ARI,RB,,#treybenson-NFL-ARI-33,CE0DD0AD4D9A,RB,,1248031.0,,11589,RB19,104.0
8131,,,2.0,,24.0,,,f9279edb-cfa7-4f7d-91df-b81cbf3e133e,8131,,,76,True,,,isaiahlikely,,nfl,2.0,2000-04-18,Isaiah,['TE'],1719084608387.0,Active,80.0,,247,[],,,Isaiah Likely,Coastal Carolina,16033.0,Everett (MA),likely,,"{'channel_id': '1113708873170055168', 'rookie_year': '2022'}",171.0,Likely,,isaiah,BAL,TE,,#isaiahlikely-NFL-BAL-80,52ED3346AB9C,TE,,1125111.0,,8131,TE19,167.1
4046,3139477.0,00-0033873,7.0,,28.0,,,11cad59d-90dd-449c-a839-dddaba4fe16c,4046,12142.0,,74,True,839031.0,,patrickmahomes,,nfl,1.0,1995-09-17,Patrick,['QB'],1718994059687.0,Active,15.0,,225,[],,,Patrick Mahomes,Texas Tech,11839.0,Whitehouse (TX),mahomes,30123.0,"{'channel_id': '1113708747563233280', 'rookie_year': '2017'}",2.0,Mahomes,,patrick,KC,QB,18890.0,#patrickmahomes-NFL-KC-15,B671C99CB711,QB,,839031.0,,4046,QB1,35.5
7564,,,3.0,,24.0,,,fa99e984-d63b-4ef4-a164-407f68a7eeaf,7564,,,72,True,,,jamarrchase,,nfl,1.0,2000-03-01,Ja'Marr,['WR'],1722025544360.0,Active,1.0,,201,[],,,Ja'Marr Chase,LSU,15183.0,Archbishop Rummel (LA),chase,,"{'channel_id': '1113708809265639424', 'rookie_year': '2021'}",6.0,Chase,,jamarr,CIN,WR,,#jamarrchase-NFL-CIN-1,6062BDCD0B61,LWR,,1109979.0,,7564,WR3,5.8
7839,,,3.0,,25.0,,,acc143ed-53b2-49c9-81bc-16e6c98ffcae,7839,,,71,True,,,evanmcpherson,,nfl,1.0,1999-07-21,Evan,['K'],1704732334982.0,Active,2.0,,185,[],,,Evan McPherson,Florida,15383.0,Fort Payne (AL),mcpherson,,"{'channel_id': '1113708807579529216', 'rookie_year': '2021'}",162.0,McPherson,,evan,CIN,K,,#evanmcpherson-NFL-CIN-2,D27EA3AFDDBE,K,,1122995.0,,7839,K3,221.2
6797,4038941.0,,4.0,,26.0,,,f0a8f8e3-b9e9-46ed-85e4-eec6452a8a44,6797,,,78,True,,,justinherbert,,nfl,1.0,1998-03-10,Justin,['QB'],1720210811525.0,Active,10.0,,236,[],,,Justin Herbert,Oregon,14446.0,Sheldon (OR),herbert,32676.0,"{'channel_id': '1113708694689837056', 'rookie_year': '2020'}",38.0,Herbert,,justin,LAC,QB,21681.0,#justinherbert-NFL-LAC-10,8959F596AE5D,QB,,910562.0,,6797,QB9,119.2
10859,,,1.0,,23.0,,,3059f1e5-1871-4458-9e90-9b9917874c61,10859,,,75,True,,,samlaporta,,nfl,1.0,2001-01-12,Sam,['TE'],1706500239155.0,Active,87.0,,245,[],,,Sam LaPorta,Iowa,17033.0,Highland (IL),laporta,,"{'channel_id': '1113708810918195200', 'rookie_year': '2023'}",20.0,LaPorta,,sam,DET,TE,,#samlaporta-NFL-DET-87,7E1BB2772255,TE,,1168926.0,,10859,TE1,23.5
4881,3916387.0,00-0034796,6.0,,27.0,Illness,Questionable,e06a9c07-453a-4bb0-a7e9-2c3a64166dad,4881,13059.0,,74,True,877745.0,,lamarjackson,,nfl,1.0,1997-01-07,Lamar,['QB'],1722016842291.0,Active,8.0,,205,[],,,Lamar Jackson,Louisville,12561.0,Boynton Beach (FL),jackson,31002.0,"{'channel_id': '1113708872868065281', 'rookie_year': '2018'}",9.0,Jackson,,lamar,BAL,QB,19781.0,#lamarjackson-NFL-BAL-8,1C18E878DAB7,QB,,877745.0,,4881,QB5,37.4
10937,,,1.0,,24.0,,,e7a7eaea-0f77-42ab-b6a2-12ebcf51227c,10937,,,73,True,,,jakemoody,,nfl,1.0,1999-11-23,Jake,['K'],1706735759593.0,Active,4.0,,210,[],,,Jake Moody,Michigan,17133.0,Northville (MI),moody,,"{'channel_id': '1113708879969021952', 'rookie_year': '2023'}",201.0,Moody,,jake,SF,K,,#jakemoody-NFL-SF-4,BD626BCAE9A0,K,,1130237.0,,10937,K10,253.3
7569,,,3.0,,25.0,,,bd56a50c-5fae-4ee2-8363-f74ae07b6887,7569,,,76,True,,,nicocollins,,nfl,1.0,1999-03-19,Nico,['WR'],1721747456902.0,Active,12.0,,215,[],,,Nico Collins,Michigan,15200.0,Clay-Chalkville (AL),collins,,"{'channel_id': '1113708788407365632', 'rookie_year': '2021'}",29.0,Collins,,nico,HOU,WR,,#nicocollins-NFL-HOU-12,BF7307FF6714,LWR,,1074698.0,,7569,WR18,27.0
9228,,,1.0,,23.0,,,38475bfa-9773-4c3b-9157-a0dbd576fa22,9228,,,70,True,,,bryceyoung,,nfl,1.0,2001-07-25,Bryce,['QB'],1716249658275.0,Active,9.0,,204,[],,,Bryce Young,Alabama,16807.0,Mater Dei (CA),young,,"{'channel_id': '1113708882087145473', 'rookie_year': '2023'}",141.0,Young,,bryce,CAR,QB,,#bryceyoung-NFL-CAR-9,D66ABAC4E9EF,QB,,1213257.0,,9228,QB20,197.1
4195,3050478.0,00-0033787,7.0,,29.0,,,059e5bb7-1842-4558-9aaf-77c352a21216,4195,12367.0,,69,True,746154.0,,jakeelliott,,nfl,1.0,1995-01-21,Jake,['K'],1710361857137.0,Active,4.0,,167,[],,,Jake Elliott,Memphis,12203.0,Lyons Township (IL),elliott,30266.0,"{'channel_id': '1113708713677451264', 'rookie_year': '2017'}",164.0,Elliott,,jake,PHI,K,19041.0,#jakeelliott-NFL-PHI-4,D701BD2CF435,K,,746154.0,,4195,K6,251.4
8146,,,2.0,,24.0,,,68d72fe0-79b2-4fdb-afd5-6c79676e77f3,8146,,,72,True,,,garrettwilson,,nfl,1.0,2000-07-22,Garrett,['WR'],1718818550822.0,Active,5.0,,183,[],,,Garrett Wilson,Ohio State,15829.0,Lake Travis (TX),wilson,,"{'channel_id': '1113708743457009664', 'rookie_year': '2022'}",11.0,Wilson,,garrett,NYJ,WR,,#garrettwilson-NFL-NYJ-5,F6B4E30BC359,RWR,,1164889.0,,8146,WR7,11.5
3321,3116406.0,00-0033040,8.0,,30.0,,,01d8aee3-e1c4-4988-970a-8c0c2d08bd83,3321,11458.0,,70,True,823156.0,,tyreekhill,,nfl,1.0,1994-03-01,Tyreek,['WR'],1721826909964.0,Active,10.0,,191,[],,,Tyreek Hill,West Alabama,11222.0,Coffee (GA),hill,29399.0,"{'channel_id': '1113708734774800384', 'rookie_year': '2016'}",3.0,Hill,,tyreek,MIA,WR,18082.0,#tyreekhill-NFL-MIA-10,E207E864C191,SWR,,823156.0,,3321,WR9,3.2
11596,,,0.0,,22.0,,,b5c717af-9116-483c-9ab3-c9db0a988ab8,11596,,,76,True,,,bensinnott,,nfl,1.0,2002-06-14,Ben,['TE'],1718520919086.0,Active,82.0,,247,[],,,Ben Sinnott,Kansas State,17833.0,Columbus (IA),sinnott,,"{'channel_id': '1113708699513286656', 'rookie_year': '2024'}",149.0,Sinnott,,ben,WAS,TE,,#bensinnott-NFL-WAS-82,8B176931BA87,TE,,1228920.0,,11596,TE17,155.7
3198,3043078.0,00-0032764,8.0,,30.0,,,87c481c7-7414-43cc-82df-19ca0c2ae22e,3198,11238.0,,74,True,732145.0,,derrickhenry,,nfl,1.0,1994-01-04,Derrick,['RB'],1718207736313.0,Active,22.0,,247,[],,,Derrick Henry,Alabama,10819.0,Yulee (FL),henry,29279.0,"{'channel_id': '1113708869839777793', 'rookie_year': '2016'}",26.0,Henry,,derrick,BAL,RB,17959.0,#derrickhenry-NFL-BAL-22,9D8CB3224420,RB,,732145.0,,3198,RB17,25.9
9493,,,1.0,,23.0,,,111be44d-7bc2-4cad-934d-c9e946293b2f,9493,,,74,True,,,pukanacua,,nfl,1.0,2001-05-29,Puka,['WR'],1719588354258.0,Active,17.0,,212,[],,,Puka Nacua,BYU,16790.0,Orem (UT),nacua,,"{'channel_id': '1113708701430083584', 'rookie_year': '2023'}",11.0,Nacua,,puka,LAR,WR,,#pukanacua-NFL-LAR-17,3EFD62DFAF78,RWR,,1162128.0,,9493,WR6,11.1
5859,4047646.0, 00-0035676,5.0,,27.0,,,a9e580f2-1fbe-46fb-887c-c84089b507e4,5859,13946.0,,73,True,944826.0,,ajbrown,,nfl,1.0,1997-06-30,A.J.,['WR'],1714091719892.0,Active,11.0,,226,[],,,A.J. Brown,Ole Miss,13432.0,Starkville (MS),brown,31883.0,"{'channel_id': '1113708717729148928', 'rookie_year': '2019'}",9.0,Brown,,aj,PHI,WR,21042.0,#ajbrown-NFL-PHI-11,828EC99117A1,RWR,,944826.0,,5859,WR8,9.1
4034,3117251.0,00-0033280,7.0,,28.0,,,f96db0af-5e25-42d1-a07a-49b4e065b364,4034,12198.0,,71,True,830517.0,,christianmccaffrey,,nfl,1.0,1996-06-07,Christian,['RB'],1721860515368.0,Active,23.0,,210,[],,,Christian McCaffrey,Stanford,11690.0,Valor Christian (CO),mccaffrey,30121.0,"{'channel_id': '1113708880413618176', 'rookie_year': '2017'}",1.0,McCaffrey,,christian,SF,RB,18877.0,#christianmccaffrey-NFL-SF-23,431D7E287938,RB,,830517.0,,4034,RB2,1.9
4866,3929630.0,00-0034844,6.0,,27.0,,,9811b753-347c-467a-b3cb-85937e71e2b9,4866,13048.0,,72,True,883302.0,,saquonbarkley,,nfl,1.0,1997-02-09,Saquon,['RB'],1720044958614.0,Active,26.0,,233,[],,,Saquon Barkley,Penn State,12507.0,Whitehall (PA),barkley,30972.0,"{'channel_id': '1113708717460713472', 'rookie_year': '2018'}",14.0,Barkley,,saquon,PHI,RB,19766.0,#saquonbarkley-NFL-PHI-26,08F1CFA81F52,RB,,883302.0,,4866,RB7,15.2
5119,3124679.0,00-0034794,6.0,,28.0,,,5ffb654f-0de5-424b-aa2f-ad511deb5b51,5119,,,71,True,,,jasonsanders,,nfl,1.0,1995-11-16,Jason,['K'],1705345258075.0,Active,7.0,,195,[],,,Jason Sanders,New Mexico,13007.0,Villa Park (CA),sanders,31199.0,"{'channel_id': '1113708737396240384', 'rookie_year': '2018'}",212.0,Sanders,,jason,MIA,K,20033.0,#jasonsanders-NFL-MIA-7,F89F55941E59,K,,821895.0,,5119,K12,254.8
8130,,,2.0,,24.0,,,734d54cc-c869-4e2f-a60f-c59c493f5110,8130,,,76,True,,,treymcbride,,nfl,1.0,1999-11-22,Trey,['TE'],1716491729495.0,Active,85.0,,246,[],,,Trey McBride,Colorado State,15902.0,Fort Morgan (CO),mcbride,,"{'channel_id': '1113708846951460864', 'rookie_year': '2022'}",41.0,McBride,,trey,ARI,TE,,#treymcbride-NFL-ARI-85,4F01DA934E52,TE,,1108161.0,,8130,TE2,46.0
7523,,,3.0,,24.0,,,aaa8b42c-4d87-45f6-bfd2-e31cfed9a736,7523,,,78,True,,,trevorlawrence,,nfl,1.0,1999-10-06,Trevor,['QB'],1718520919092.0,Active,16.0,,220,[],,,Trevor Lawrence,Clemson,15357.0,Cartersville (GA),lawrence,,"{'channel_id': '1113708892392550400', 'rookie_year': '2021'}",64.0,Lawrence,,trevor,JAX,QB,,#trevorlawrence-NFL-JAX-16,29F2D38EB99F,QB,,1110711.0,,7523,QB13,123.2
4066,3051876.0,00-0033881,7.0,,29.0,,,e21365af-8d66-416e-b0a5-8816d18fcfd9,4066,12205.0,,75,True,749185.0,,evanengram,,nfl,1.0,1994-09-02,Evan,['TE'],1720218012095.0,Active,17.0,,240,[],,,Evan Engram,Ole Miss,11805.0,Hillgrove (GA),engram,30136.0,"{'channel_id': '1113708894128992256', 'rookie_year': '2017'}",67.0,Engram,,evan,JAX,TE,18912.0,#evanengram-NFL-JAX-17,96FE42308EDC,TE,,749185.0,,4066,TE12,71.3
11565,,,0.0,,21.0,,,587cc3c3-aeda-4ac7-8803-a7e4db195534,11565,,,75,True,,,jjmccarthy,,nfl,1.0,2003-01-20,J.J.,['QB'],1721405747514.0,Active,9.0,,219,[],,,J.J. McCarthy,Michigan,17689.0,IMG Academy (FL),mccarthy,,"{'channel_id': '1113708709038551040', 'rookie_year': '2024'}",90.0,McCarthy,,jj,MIN,QB,,#jjmccarthy-NFL-MIN-9,D30AA87736CF,QB,,1287599.0,,11565,QB18,165.6
4983,3915416.0,00-0034827,6.0,,27.0,,,d8202e6d-d03b-4cd1-a793-ff8fd39d9755,4983,,,71,True,877790.0,,djmoore,,nfl,1.0,1997-04-14,DJ,['WR'],1720047658656.0,Active,2.0,,210,[],,,DJ Moore,Maryland,12477.0,Imhotep Institute Charter (PA),moore,30994.0,"{'channel_id': '1113708766076891136', 'rookie_year': '2018'}",35.0,Moore,,dj,CHI,WR,19844.0,#djmoore-NFL-CHI-2,9D6ED1CC6CA2,SWR,,877790.0,,4983,WR19,34.6
5022,3121023.0,00-0034351,6.0,,29.0,,,e8029983-87cf-49a2-bc04-04c8233a0630,5022,13151.0,,77,True,791365.0,,dallasgoedert,,nfl,1.0,1995-01-03,Dallas,['TE'],1719191717472.0,Active,88.0,,256,[],,,Dallas Goedert,South Dakota State,12860.0,Britton-Hecla (SD),goedert,31019.0,"{'channel_id': '1113708719138435072', 'rookie_year': '2018'}",104.0,Goedert,,dallas,PHI,TE,19863.0,#dallasgoedert-NFL-PHI-88,C468CC413EE8,TE,,791365.0,,5022,TE14,106.4
9226,,,1.0,,22.0,,,a4ef921b-8767-4b4f-a651-7675c00f9af0,9226,,,69,True,,,devonachane,,nfl,1.0,2001-10-13,De'Von,['RB'],1718662232668.0,Active,28.0,,188,[],,,De'Von Achane,Texas A&M,16661.0,Thurgood Marshall (TX),achane,,"{'channel_id': '1113708739082350592', 'rookie_year': '2023'}",23.0,Achane,,devon,MIA,RB,,#devonachane-NFL-MIA-28,0C6DD4D59DE2,RB,,1231820.0,,9226,RB9,23.2
9509,,,1.0,,22.0,,,f78d68c2-f9da-48e7-b954-26b69efd828d,9509,,,71,True,,,bijanrobinson,,nfl,1.0,2002-01-30,Bijan,['RB'],1717443041723.0,Active,7.0,,215,[],,,Bijan Robinson,Texas,16739.0,Salpointe (AZ),robinson,,"{'channel_id': '1113708865150545921', 'rookie_year': '2023'}",8.0,Robinson,,bijan,ATL,RB,,#bijanrobinson-NFL-ATL-7,61B0E77E8EAA,RB,,1228244.0,,9509,RB1,7.0
7525,,,3.0,,25.0,,,3555d07e-57ae-43de-97d5-b1b5bf055f17,7525,,,72,True,,,devontasmith,,nfl,2.0,1998-11-14,DeVonta,['WR'],1716402022915.0,Active,6.0,,170,[],,,DeVonta Smith,Alabama,15406.0,Amite (LA),smith,,"{'channel_id': '1113708714856050688', 'rookie_year': '2021'}",44.0,Smith,,devonta,PHI,WR,,#devontasmith-NFL-PHI-6,202FEEE3D21E,LWR,,1060262.0,,7525,WR17,41.5
8112,,,2.0,,23.0,Leg,Questionable,5053f9ae-15d9-4730-833d-484886b6f890,8112,,,76,True,,,drakelondon,,nfl,1.0,2001-07-24,Drake,['WR'],1722012344274.0,Active,5.0,,213,[],,,Drake London,USC,15868.0,Moorpark (CA),london,,"{'channel_id': '1113708859333046272', 'rookie_year': '2022'}",18.0,London,Cramps,drake,ATL,WR,,#drakelondon-NFL-ATL-5,F0721E946355,LWR,,1178741.0,,8112,WR12,17.3
11632,,,0.0,,20.0,,,55ef2022-50c2-465b-839e-c0f4c9e7c55c,11632,,,72,True,,,maliknabers,,nfl,1.0,2003-07-28,Malik,['WR'],1722003943919.0,Active,9.0,,200,[],,,Malik Nabers,LSU,17704.0,Southside (LA),nabers,,"{'channel_id': '1113708675647696896', 'rookie_year': '2024'}",29.0,Nabers,,malik,NYG,WR,,#maliknabers-NFL-NYG-9,8838562B2670,LWR,,1286059.0,,11632,WR10,38.3
9229,,,1.0,,22.0,,,5fc5b4a6-a583-4345-a810-4f982204ea5e,9229,,,76,True,,,anthonyrichardson,,nfl,1.0,2002-05-22,Anthony,['QB'],1721928621673.0,Active,5.0,,244,[],,,Anthony Richardson,Florida,16653.0,Eastside (FL),richardson,,"{'channel_id': '1113708777544118273', 'rookie_year': '2023'}",20.0,Richardson,,anthony,IND,QB,,#anthonyrichardson-NFL-IND-5,FD2C905B710A,QB,,1215022.0,,9229,QB8,53.6
6770,3915511.0,,4.0,,27.0,,,3023ac10-4e7f-425f-9fc5-2b8e6332c92e,6770,14863.0,,76,True,,,joeburrow,,nfl,1.0,1996-12-10,Joe,['QB'],1722026144713.0,Active,9.0,,215,[],,,Joe Burrow,LSU,14442.0,Athens (OH),burrow,32671.0,"{'channel_id': '1113708804110839808', 'rookie_year': '2020'}",16.0,Burrow,,joe,CIN,QB,21693.0,#joeburrow-NFL-CIN-9,26DF8843FD11,QB,,878785.0,,6770,QB6,63.7
9221,,,1.0,,22.0,,,fef9457e-6497-47de-9bf2-cc3b95929375,9221,,,69,True,,,jahmyrgibbs,,nfl,1.0,2002-03-20,Jahmyr,['RB'],1721964040532.0,Active,26.0,,200,[],,,Jahmyr Gibbs,Alabama,16808.0,Dalton (GA),gibbs,,"{'channel_id': '1113708815989108736', 'rookie_year': '2023'}",11.0,Gibbs,,jahmyr,DET,RB,,#jahmyrgibbs-NFL-DET-26,DA5A17B9EDF4,RB,,1214154.0,,9221,RB4,10.2
3163,3046779.0,00-0033106,8.0,,29.0,,,aba8f925-ffbf-4654-bfa7-a25d3d237494,3163,11205.0,,76,True,727837.0,,jaredgoff,,nfl,1.0,1994-10-14,Jared,['QB'],1715634049584.0,Active,16.0,,217,[],,,Jared Goff,California,10729.0,Marin Catholic (CA),goff,29235.0,"{'channel_id': '1113708813946482688', 'rookie_year': '2016'}",66.0,Goff,,jared,DET,QB,17922.0,#jaredgoff-NFL-DET-16,5E6B582A3879,QB,,727837.0,,3163,QB17,112.4
4217,3040151.0,00-0033288,7.0,,30.0,,,2ada91b0-036e-454f-83c3-6d939ff584a9,4217,12276.0,,76,True,733672.0,,georgekittle,,nfl,1.0,1993-10-09,George,['TE'],1721860815352.0,Active,85.0,,250,[],,,George Kittle,Iowa,11892.0,Norman (OK),kittle,30259.0,"{'channel_id': '1113708874457706496', 'rookie_year': '2017'}",62.0,Kittle,,george,SF,TE,19063.0,#georgekittle-NFL-SF-85,42D0413964E3,TE,,733672.0,,4217,TE9,62.7
11628,,,0.0,,21.0,,,e8da21a8-796d-48a2-b644-57d08983ae01,11628,,,76,True,,,marvinharrison,,nfl,1.0,2002-08-11,Marvin,['WR'],1718910060424.0,Active,18.0,,205,[],,,Marvin Harrison,Ohio State,17674.0,St. Joseph's Prep (PA),harrison,,"{'channel_id': '1113708849954582528', 'rookie_year': '2024'}",14.0,Harrison,,marvin,ARI,WR,,#marvinharrison-NFL-ARI-18,5144824EE2E1,LWR,,1287828.0,,11628,WR5,14.8
1264,15683.0,00-0029597,12.0,,34.0,,,20a0bad2-d530-4ff4-a2df-5c0a21a1f5db,1264,8241.0,,73,True,448132.0,,justintucker,,nfl,1.0,1989-11-21,Justin,['K'],1705440330585.0,Active,9.0,,191,[],,,Justin Tucker,Texas,8398.0,Westlake (TX),tucker,26534.0,"{'channel_id': '1113708866371088384', 'rookie_year': '2012'}",159.0,Tucker,,justin,BAL,K,14688.0,#justintucker-NFL-BAL-9,37DEAB30F68A,K,,448132.0,,1264,K1,248.8
8183,,,2.0,,24.0,,,d5aef708-ad61-4ab8-a637-62ff96e92040,8183,,,73,True,,,brockpurdy,,nfl,1.0,1999-12-27,Brock,['QB'],1721929822887.0,Active,13.0,,220,[],,,Brock Purdy,Iowa State,15834.0,Perry (AZ),purdy,,"{'channel_id': '1113708879658643456', 'rookie_year': '2022'}",46.0,Purdy,,brock,SF,QB,,#brockpurdy-NFL-SF-13,337418C8A92F,QB,,1121761.0,,8183,QB14,101.8
8151,,,2.0,,23.0,,,22ee9bac-a64c-4d44-94fc-51d775465b3b,8151,,,69,True,,,kennethwalker,,nfl,1.0,2000-10-20,Kenneth,['RB'],1714659038124.0,Active,9.0,,211,[],,,Kenneth Walker,Michigan State,15909.0,Arlington (TN),walker,,"{'channel_id': '1113708720732270592', 'rookie_year': '2022'}",45.0,Walker,,kenneth,SEA,RB,,#kennethwalker-NFL-SEA-9,59696B50F9E5,RB,,1164402.0,,8151,RB10,50.4
10236,,,1.0,,24.0,,,b961fa15-0676-4948-b95f-56d06319d40e,10236,,,76,True,,,daltonkincaid,,nfl,1.0,1999-10-18,Dalton,['TE'],1722002744059.0,Active,86.0,,240,[],,,Dalton Kincaid,Utah,16697.0,Faith Lutheran (NV),kincaid,,"{'channel_id': '1113708758392926208', 'rookie_year': '2023'}",47.0,Kincaid,,dalton,BUF,TE,,#daltonkincaid-NFL-BUF-86,6209487DAAAC,TE,,1135513.0,,10236,TE3,51.6
7547,,,3.0,,24.0,,,26ef0447-29b8-4dd1-9831-dcbf8132bb74,7547,,,72,True,,,amonrastbrown,,nfl,1.0,1999-10-24,Amon-Ra,['WR'],1717101905456.0,Active,14.0,,202,[],,,Amon-Ra St. Brown,USC,15332.0,Mater Dei (CA),stbrown,,"{'channel_id': '1113708810284855296', 'rookie_year': '2021'}",6.0,St. Brown,,amonra,DET,WR,,#amonrastbrown-NFL-DET-14,D8CD5325EF95,LWR,,1127106.0,,7547,WR4,5.3
9481,,,1.0,,23.0,,,77a4fb49-3c6c-4aa1-8a21-20956e2d2240,9481,,,78,True,,,lukemusgrave,,nfl,1.0,2000-09-02,Luke,['TE'],1705969550854.0,Active,88.0,,253,[],,,Luke Musgrave,Oregon State,16663.0,Bend Senior (OR),musgrave,,"{'channel_id': '1113708799316750336', 'rookie_year': '2023'}",134.0,Musgrave,,luke,GB,TE,,#lukemusgrave-NFL-GB-88,5D4E77A5CDBB,TE,,1179790.0,,9481,TE18,137.3
5837,3060823.0,,3.0,,27.0,,,b893faf2-b13f-4177-b62e-1d2e1e7ba087,5837,,,70,True,824434.0,,redfordjones,,nfl,,1994-07-25,Redford,['K'],1557100507499.0,Active,0.0,,175,[],,,Redford Jones,Tulsa,13827.0,Norman North,jones,31812.0,{'channel_id': '1116853170530680832'},9999999.0,Jones,,redford,,K,20727.0,#redfordjones-NFL-FA-0,,,,,,5837,K18,298.9
6826,4258595.0,,4.0,,25.0,,,036feeb6-9a22-43c5-a8e3-7ac611d8ff49,6826,,,78,True,,,colekmet,,nfl,1.0,1999-03-10,Cole,['TE'],1717619145968.0,Active,85.0,,260,[],,,Cole Kmet,Notre Dame,14436.0,St. Viator (IL),kmet,32713.0,"{'channel_id': '1113708760787873792', 'rookie_year': '2020'}",125.0,Kmet,,cole,CHI,TE,21772.0,#colekmet-NFL-CHI-85,10A863C5D176,TE,,1066765.0,,6826,TE13,127.4
7543,,,3.0,,25.0,,,970693f0-0af4-4627-ac0c-bf519f7433ee,7543,,,70,True,,,travisetienne,,nfl,1.0,1999-01-26,Travis,['RB'],1718041531694.0,Active,1.0,,215,[],,,Travis Etienne,Clemson,15385.0,Jennings (LA),etienne,,"{'channel_id': '1113708891692101632', 'rookie_year': '2021'}",20.0,Etienne,,travis,JAX,RB,,#travisetienne-NFL-JAX-1,B26588814F61,RB,,978577.0,,7543,RB6,22.9
11583,,,0.0,,21.0,Knee - ACL,PUP,5c842941-844b-4f6a-bce4-26b377146674,11583,,,72,True,,,jonathonbrooks,,nfl,1.0,2003-07-21,Jonathon,['RB'],1721757963538.0,Active,24.0,,207,[],,,Jonathon Brooks,Texas,17747.0,Hallettsville (TX),brooks,,"{'channel_id': '1113708883320270848', 'rookie_year': '2024'}",78.0,Brooks,Surgery,jonathon,CAR,RB,,#jonathonbrooks-NFL-CAR-24,84C4F05F8EFF,RB,,1326601.0,,11583,RB15,87.0
4018,3116385.0,00-0033897,7.0,,28.0,Undisclosed,Questionable,7797f36e-87e8-4282-b6d2-bdb1774fc3b3,4018,12147.0,,73,True,820727.0,,joemixon,,nfl,1.0,1996-07-24,Joe,['RB'],1722007543413.0,Active,28.0,,228,[],,,Joe Mixon,Oklahoma,11707.0,Freedom (CA),mixon,30161.0,"{'channel_id': '1113708785504907264', 'rookie_year': '2017'}",47.0,Mixon,,joe,HOU,RB,18858.0,#joemixon-NFL-HOU-28,41719D0DCB73,RB,,820727.0,,4018,RB18,47.0
7611,,,3.0,,26.0,,,6260e78a-64e2-4f7e-9bf8-39948a17a370,7611,,,72,True,,,rhamondrestevenson,,nfl,1.0,1998-02-23,Rhamondre,['RB'],1718912761216.0,Active,38.0,,227,[],,,Rhamondre Stevenson,Oklahoma,15372.0,Centennial (NV),stevenson,,"{'channel_id': '1113708791968329728', 'rookie_year': '2021'}",69.0,Stevenson,,rhamondre,NE,RB,,#rhamondrestevenson-NFL-NE-38,A0E1810E494A,RB,,1174682.0,,7611,RB20,69.5
8150,,,2.0,,23.0,,,19d44771-8f1d-4127-9b7d-230da137f15d,8150,,,69,True,,,kyrenwilliams,,nfl,1.0,2000-08-26,Kyren,['RB'],1717710608140.0,Active,23.0,,202,[],,,Kyren Williams,Notre Dame,15807.0,St. John Vianney (MO),williams,,"{'channel_id': '1113708701824348160', 'rookie_year': '2022'}",16.0,Williams,,kyren,LAR,RB,,#kyrenwilliams-NFL-LAR-23,C3619260E06D,RB,,1167361.0,,8150,RB8,16.9
7600,,,3.0,,25.0,,,04f0fefe-9d9d-44f5-94ea-6df2a42df3c6,7600,,,77,True,,,patfreiermuth,,nfl,1.0,1998-10-25,Pat,['TE'],1717170010449.0,Active,88.0,,258,[],,,Pat Freiermuth,Penn State,15267.0,Brooks School (MA),freiermuth,,"{'channel_id': '1113708816169463808', 'rookie_year': '2021'}",125.0,Freiermuth,,pat,PIT,TE,,#patfreiermuth-NFL-PIT-88,81427E8B8D7A,TE,,1116662.0,,7600,TE16,129.0
5012,3116365.0,00-0034753,6.0,,28.0,,,0618f387-9b72-4270-8b8f-dec4cccc9e4a,5012,13182.0,,77,True,820699.0,,markandrews,,nfl,1.0,1995-09-06,Mark,['TE'],1706587546038.0,Active,89.0,,250,[],,,Mark Andrews,Oklahoma,12559.0,Desert Mountain (AZ),andrews,31056.0,"{'channel_id': '1113708865469313024', 'rookie_year': '2018'}",47.0,Andrews,,mark,BAL,TE,19803.0,#markandrews-NFL-BAL-89,233348EDE4B7,TE,,820699.0,,5012,TE7,48.0
6794,4262921.0,,4.0,,25.0,,,4131d4ee-0318-4bb5-832a-4dec80668a4f,6794,,,73,True,,,justinjefferson,,nfl,1.0,1999-06-16,Justin,['WR'],1717424437869.0,Active,18.0,,195,[],,,Justin Jefferson,LSU,14509.0,Destrehan (LA),jefferson,32692.0,"{'channel_id': '1113708708145164288', 'rookie_year': '2020'}",4.0,Jefferson,,justin,MIN,WR,21685.0,#justinjefferson-NFL-MIN-18,450F0163A86E,LWR,,1069535.0,,6794,WR1,4.7
11600,,,0.0,,21.0,,,ffd2ff3f-4b56-4232-be8e-bf163c29f406,11600,,,76,True,,,jatavionsanders,,nfl,1.0,2003-03-27,Ja'Tavion,['TE'],1714234832914.0,Active,85.0,,252,[],,,Ja'Tavion Sanders,Texas,17748.0,Billy Ryan (TX),sanders,,"{'channel_id': '1113708887741067264', 'rookie_year': '2024'}",193.0,Sanders,,jatavion,CAR,TE,,#jatavionsanders-NFL-CAR-85,F6E43D34ED8D,TE,,1326628.0,,11600,TE20,188.2
8144,,,2.0,,24.0,,,2375d572-a36c-4365-bb3f-87e156526e2f,8144,,,72,True,,,chrisolave,,nfl,1.0,2000-06-27,Chris,['WR'],1721844612015.0,Active,12.0,,187,[],,,Chris Olave,Ohio State,15895.0,Mission Hills (CA),olave,,"{'channel_id': '1113708682526355457', 'rookie_year': '2022'}",19.0,Olave,,chris,NO,WR,,#chrisolave-NFL-NO-12,016969998F62,LWR,,1122592.0,,8144,WR11,20.5
4984,3918298.0,00-0034857,6.0,,28.0,,,3069db07-aa43-4503-ab11-2ae5c0002721,4984,,,77,True,868199.0,,joshallen,,nfl,1.0,1996-05-21,Josh,['QB'],1720815332564.0,Active,17.0,,237,[],,,Josh Allen,Wyoming,12483.0,Firebaugh (CA),allen,30977.0,"{'channel_id': '1113708755175895040', 'rookie_year': '2018'}",2.0,Allen,,josh,BUF,QB,19801.0,#joshallen-NFL-BUF-17,A13BA3AB33EE,QB,,868199.0,,4984,QB2,19.6
6803,4360438.0,,4.0,,26.0,,,c90471cc-fa60-4416-9388-5aebb5d877eb,6803,,,72,True,,,brandonaiyuk,,nfl,2.0,1998-03-17,Brandon,['WR'],1721870714384.0,Active,11.0,,200,[],,,Brandon Aiyuk,Arizona State,14386.0,McQueen (NV),aiyuk,32695.0,"{'channel_id': '1113708879377625088', 'rookie_year': '2020'}",23.0,Aiyuk,,brandon,SF,WR,21747.0,#brandonaiyuk-NFL-SF-11,38B5479924F9,LWR,,1107034.0,,6803,WR13,21.3
9997,,,1.0,,23.0,,,2b6d74b7-10fb-4f17-99c8-9bb557fb475b,9997,,,69,True,,,zayflowers,,nfl,1.0,2000-09-11,Zay,['WR'],1707426924787.0,Active,4.0,,175,[],,,Zay Flowers,Boston College,16919.0,NSU University School (FL),flowers,,"{'channel_id': '1113708866622746624', 'rookie_year': '2023'}",50.0,Flowers,,zay,BAL,WR,,#zayflowers-NFL-BAL-4,F39E10BEE1F4,LWR,,1177053.0,,9997,WR20,49.5
5823,3127313.0, 00-0034909,4.0,,27.0,,,cefd0600-93f2-4e0f-9624-81e3dc495c1d,5823,,,74,True,837827.0,,tristanvizcaino,,nfl,,1996-07-31,Tristan,['K'],1691437807742.0,Active,16.0,,205,[],,,Tristan Vizcaino,Washington,13496.0,Damien (CA),vizcaino,31808.0,{'channel_id': '1116853168718741504'},9999999.0,Vizcaino,,tristan,,K,20717.0,#tristanvizcaino-NFL-FA-16,,,,837827.0,,5823,K16,295.8
7042,3917232.0,,4.0,,27.0,,,bfccbff4-bc01-41ed-aa11-be976160504c,7042,,,70,True,,,tylerbass,,nfl,1.0,1997-02-14,Tyler,['K'],1708214442222.0,Active,2.0,,183,[],,,Tyler Bass,Georgia Southern,14609.0,Dutch Fork (SC),bass,32858.0,"{'channel_id': '1113708758527143936', 'rookie_year': '2020'}",166.0,Bass,,tyler,BUF,K,22108.0,#tylerbass-NFL-BUF-2,D821F3334D06,K,,885378.0,,7042,K9,250.4
3451,2971573.0,00-0032726,8.0,,30.0,,,203b60aa-cb94-499c-a4ca-d3c6b94dddc4,3451,,,72,True,691032.0,,kaimifairbairn,,nfl,1.0,1994-01-29,Ka'imi,['K'],1709754011677.0,Active,15.0,,183,[],,,Ka'imi Fairbairn,UCLA,11031.0,Honolulu Punahou (HI),fairbairn,29792.0,"{'channel_id': '1113708783479058432', 'rookie_year': '2016'}",203.0,Fairbairn,,kaimi,HOU,K,18215.0,#kaimifairbairn-NFL-HOU-15,A49FD8FC09EA,K,,691032.0,,3451,K8,256.5
11560,,,0.0,,22.0,,,49d4b627-3f19-49a8-ae33-f539e0fb1f88,11560,,,73,True,,,calebwilliams,,nfl,1.0,2001-11-18,Caleb,['QB'],1721941524464.0,Active,18.0,,215,[],,,Caleb Williams,USC,17695.0,Gonzaga College (DC),williams,,"{'channel_id': '1113708762750808064', 'rookie_year': '2024'}",24.0,Williams,,caleb,CHI,QB,,#calebwilliams-NFL-CHI-18,7A8774F69B72,QB,,1286445.0,,11560,QB7,92.4
3827,3068939.0,00-0032870,6.0,,27.0,Undisclosed,Questionable,8fb2ca06-3d13-4552-98e0-7b913b4ab5b9,3827,11998.0,,74,True,789430.0,,aldrickrosas,,nfl,,1994-12-30,Aldrick,['K'],1663711823561.0,Active,13.0,,221,[],,,Aldrick Rosas,Southern Oregon,11403.0,Orland (CA),rosas,29949.0,{'channel_id': '1116852910001487872'},314.0,Rosas,,aldrick,,K,18645.0,#aldrickrosas-NFL-FA-13,,,,789430.0,,3827,K17,296.0
2747,2473037.0,00-0031492,9.0,,33.0,,,7af4c94b-529b-4403-ab66-2bfed3fcf0c7,2747,10436.0,,70,True,518088.0,,jasonmyers,,nfl,1.0,1991-05-12,Jason,['K'],1706819413154.0,Active,5.0,,190,[],,,Jason Myers,Marist,10157.0,Mater Dei Catholic (CA),myers,28378.0,"{'channel_id': '1113708723169161216', 'rookie_year': '2015'}",291.0,Myers,,jason,SEA,K,17215.0,#jasonmyers-NFL-SEA-5,A7FE31CB03D5,K,,518088.0,,2747,K15,285.7
9758,,,1.0,,22.0,,,7e91086f-9ca4-4bd9-a099-b88b2f37e6c6,9758,,,75,True,,,cjstroud,,nfl,1.0,2001-10-03,C.J.,['QB'],1707446127618.0,Active,7.0,,218,[],,,C.J. Stroud,Ohio State,16886.0,Rancho Cucamonga (CA),stroud,,"{'channel_id': '1113708785806897152', 'rookie_year': '2023'}",6.0,Stroud,,cj,HOU,QB,,#cjstroud-NFL-HOU-7,66A14E676432,QB,,1214084.0,,9758,QB3,44.9
1466,15847.0,00-0030506,11.0,,34.0,,,c3859e06-5f23-4302-a71b-04820a899d5f,1466,8411.0,,77,True,448240.0,,traviskelce,,nfl,1.0,1989-10-05,Travis,['TE'],1718205334251.0,Active,87.0,,250,[],,,Travis Kelce,Cincinnati,8783.0,Cleveland Heights (OH),kelce,26686.0,"{'channel_id': '1113708752030167040', 'rookie_year': '2013'}",25.0,Kelce,,travis,KC,TE,15048.0,#traviskelce-NFL-KC-87,A7EC5CA607D1,TE,,448240.0,,1466,TE6,28.6
5095,3051909.0,00-0034161,6.0,,29.0,,,7bb70550-c28a-4e47-9a13-cc0c0fef8b38,5095,13275.0,,77,True,,,danielcarlson,,nfl,1.0,1995-01-23,Daniel,['K'],1705171231654.0,Active,2.0,,215,[],,,Daniel Carlson,Auburn,12842.0,The Classical Academy (CO),carlson,31137.0,"{'channel_id': '1113708770417995776', 'rookie_year': '2018'}",212.0,Carlson,,daniel,LV,K,19989.0,#danielcarlson-NFL-LV-2,26EA495A056B,K,,744439.0,,5095,K11,257.2
1433,16339.0,00-0029822,11.0,,32.0,,,6444feb1-f5a4-4b45-9a45-79308a4445fd,1433,8912.0,,75,True,513098.0,,brandonmcmanus,,nfl,,1991-07-25,Brandon,['K'],1717373735470.0,Active,3.0,,201,[],,,Brandon McManus,Temple,9948.0,North Penn (PA),mcmanus,27120.0,"{'channel_id': '1116852737405878272', 'rookie_year': '2013'}",204.0,McManus,,brandon,,K,14996.0,#brandonmcmanus-NFL-FA-3,E970432AD877,,,513098.0,,1433,K13,
5850,4047365.0, 00-0035700,5.0,,26.0,,,61694ab9-b099-408e-b48d-6a643dd069ec,5850,14026.0,,70,True,944416.0,,joshjacobs,,nfl,1.0,1998-02-11,Josh,['RB'],1720644033510.0,Active,8.0,,223,[],,,Josh Jacobs,Alabama,13582.0,McLain (OK),jacobs,31856.0,"{'channel_id': '1113708798746324992', 'rookie_year': '2019'}",26.0,Jacobs,,josh,GB,RB,20824.0,#joshjacobs-NFL-GB-8,0614F08B6121,RB,,944416.0,,5850,RB11,26.5
11604,,,0.0,,21.0,,,ad9fc7e3-0a6d-4e41-84c2-cf43b71aee13,11604,,,76,True,,,brockbowers,,nfl,1.0,2002-12-13,Brock,['TE'],1720650336727.0,Active,89.0,,230,[],,,Brock Bowers,Georgia,17693.0,Napa (CA),bowers,,"{'channel_id': '1113708771814699008', 'rookie_year': '2024'}",59.0,Bowers,,brock,LV,TE,,#brockbowers-NFL-LV-89,890CB831F75E,TE,,1285917.0,,11604,TE4,79.9
11566,,,0.0,,23.0,,,bab8c65a-9fff-410d-8e34-dc2f636d890e,11566,,,76,True,,,jaydendaniels,,nfl,1.0,2000-12-18,Jayden,['QB'],1721753156538.0,Active,5.0,,210,[],,,Jayden Daniels,LSU,17692.0,Cajon (CA),daniels,,"{'channel_id': '1113708699697836033', 'rookie_year': '2024'}",53.0,Daniels,,jayden,WAS,QB,,#jaydendaniels-NFL-WAS-5,321C90994B10,QB,,1161228.0,,11566,QB12,113.4
5001,3117256.0,00-0034383,6.0,,28.0,,,8caec1b4-e0b6-4a84-b8c8-617d6e91ef6a,5001,13198.0,,77,True,830523.0,,daltonschultz,,nfl,1.0,1996-07-11,Dalton,['TE'],1709666431256.0,Active,86.0,,244,[],,,Dalton Schultz,Stanford,12514.0,Bingham (UT),schultz,31107.0,"{'channel_id': '1113708786561871873', 'rookie_year': '2018'}",108.0,Schultz,,dalton,HOU,TE,19920.0,#daltonschultz-NFL-HOU-86,8F0946F8DD7F,TE,,830523.0,,5001,TE15,113.6
4033,3123076.0,00-0033885,7.0,,28.0,Undisclosed,Questionable,8f86fcea-90e8-49ea-bc78-5c7659313e57,4033,12186.0,,76,True,832098.0,,davidnjoku,,nfl,1.0,1996-07-10,David,['TE'],1721998241071.0,Active,85.0,,246,[],,,David Njoku,Miami (FL),11734.0,Cedar Grove (NJ),njoku,30142.0,"{'channel_id': '1113708840559341568', 'rookie_year': '2017'}",86.0,Njoku,,david,CLE,TE,18876.0,#davidnjoku-NFL-CLE-85,E74BC49C17EA,TE,,832098.0,,4033,TE11,88.7
5849,3917315.0, 00-0035228,5.0,,26.0,,,dd5a6b6e-ffae-45a5-b8e6-718a9251f374,5849,13950.0,,70,True,879799.0,,kylermurray,,nfl,1.0,1997-08-07,Kyler,['QB'],1721757357929.0,Active,1.0,,207,[],,,Kyler Murray,Oklahoma,13613.0,Allen (TX),murray,31833.0,"{'channel_id': '1113708849644204032', 'rookie_year': '2019'}",39.0,Murray,,kyler,ARI,QB,20889.0,#kylermurray-NFL-ARI-1,4E6A6983DF4F,QB,,879799.0,,5849,QB11,73.1
6819,4035687.0,,4.0,,26.0,,,1aefd5e2-1f85-471a-91a5-4aad4cf6fe6d,6819,,,76,True,,,michaelpittman,,nfl,1.0,1997-10-05,Michael,['WR'],1721934021033.0,Active,11.0,,223,[],,,Michael Pittman,USC,14378.0,Oaks Christian (CA),pittman,32704.0,"{'channel_id': '1113708775547629568', 'rookie_year': '2020'}",36.0,Pittman,,michael,IND,WR,21744.0,#michaelpittman-NFL-IND-11,F9DF4252F1E4,LWR,,911348.0,,6819,WR16,39.5
8155,,,2.0,,23.0,,,db1053d7-3343-43a3-9aab-8353f10f1221,8155,,,71,True,,,breecehall,,nfl,1.0,2001-05-31,Breece,['RB'],1721835312559.0,Active,20.0,,217,[],,,Breece Hall,Iowa State,15810.0,Wichita Northwest (KS),hall,,"{'channel_id': '1113708746330107905', 'rookie_year': '2022'}",8.0,Hall,,breece,NYJ,RB,,#breecehall-NFL-NYJ-20,648A95BBCC7F,RB,,1162537.0,,8155,RB3,8.8
6813,4242335.0,,4.0,,25.0,,,925195a4-06ba-4e37-ae7d-a3d6a5419139,6813,,,70,True,,,jonathantaylor,,nfl,1.0,1999-01-19,Jonathan,['RB'],1717531555550.0,Active,28.0,,226,[],,,Jonathan Taylor,Wisconsin,14455.0,Salem (NJ),taylor,32711.0,"{'channel_id': '1113708779398000640', 'rookie_year': '2020'}",13.0,Taylor,,jonathan,IND,RB,21682.0,#jonathantaylor-NFL-IND-28,289ADC2AF8BD,RB,,1065406.0,,6813,RB5,13.6
11564,,,0.0,,21.0,,,d0c0630e-8925-4b81-a32b-e4146d95f01f,11564,,,76,True,,,drakemaye,,nfl,1.0,2002-08-30,Drake,['QB'],1721747755882.0,Active,10.0,,225,[],,,Drake Maye,North Carolina,17673.0,Myers Park (NC),maye,,"{'channel_id': '1113708795525099520', 'rookie_year': '2024'}",103.0,Maye,,drake,NE,QB,,#drakemaye-NFL-NE-10,6D0BFFA64D78,QB,,1286803.0,,11564,QB19,184.8
HOU,,,,,,,,,HOU,,,,True,,,,,nfl,,,Houston,['DEF'],,,,,,,,,,,,,,,,,Texans,,,HOU,DEF,,,,,,,,,,
NE,,,,,,,,,NE,,,,True,,,,,nfl,,,New England,['DEF'],,,,,,,,,,,,,,,,,Patriots,,,NE,DEF,,,,,,,,,,
BAL,,,,,,,,,BAL,,,,True,,,,,nfl,,,Baltimore,['DEF'],,,,,,,,,,,,,,,,,Ravens,,,BAL,DEF,,,,,,,,,,
PIT,,,,,,,,,PIT,,,,True,,,,,nfl,,,Pittsburgh,['DEF'],,,,,,,,,,,,,,,,,Steelers,,,PIT,DEF,,,,,,,,,,
IND,,,,,,,,,IND,,,,True,,,,,nfl,,,Indianapolis,['DEF'],,,,,,,,,,,,,,,,,Colts,,,IND,DEF,,,,,,,,,,
ARI,,,,,,,,,ARI,,,,True,,,,,nfl,,,Arizona,['DEF'],,,,,,,,,,,,,,,,,Cardinals,,,ARI,DEF,,,,,,,,,,
SEA,,,,,,,,,SEA,,,,True,,,,,nfl,,,Seattle,['DEF'],,,,,,,,,,,,,,,,,Seahawks,,,SEA,DEF,,,,,,,,,,
LV,,,,,,,,,LV,,,,True,,,,,nfl,,,Las Vegas,['DEF'],,,,,,,,,,,,,,,,,Raiders,,,LV,DEF,,,,,,,,,,
NYJ,,,,,,,,,NYJ,,,,True,,,,,nfl,,,New York,['DEF'],,,,,,,,,,,,,,,,,Jets,,,NYJ,DEF,,,,,,,,,,
DAL,,,,,,,,,DAL,,,,True,,,,,nfl,,,Dallas,['DEF'],,,,,,,,,,,,,,,,,Cowboys,,,DAL,DEF,,,,,,,,,,
WAS,,,,,,,,,WAS,,,,True,,,,,nfl,,,Washington,['DEF'],,,,,,,,,,,,,,,,,Commanders,,,WAS,DEF,,,,,,,,,,
LAC,,,,,,,,,LAC,,,,True,,,,,nfl,,,Los Angeles,['DEF'],,,,,,,,,,,,,,,,,Chargers,,,LAC,DEF,,,,,,,,,,
TB,,,,,,,,,TB,,,,True,,,,,nfl,,,Tampa Bay,['DEF'],,,,,,,,,,,,,,,,,Buccaneers,,,TB,DEF,,,,,,,,,,
CLE,,,,,,,,,CLE,,,,True,,,,,nfl,,,Cleveland,['DEF'],,,,,,,,,,,,,,,,,Browns,,,CLE,DEF,,,,,,,,,,
ATL,,,,,,,,,ATL,,,,True,,,,,nfl,,,Atlanta,['DEF'],,,,,,,,,,,,,,,,,Falcons,,,ATL,DEF,,,,,,,,,,
CAR,,,,,,,,,CAR,,,,True,,,,,nfl,,,Carolina,['DEF'],,,,,,,,,,,,,,,,,Panthers,,,CAR,DEF,,,,,,,,,,
JAX,,,,,,,,,JAX,,,,True,,,,,nfl,,,Jacksonville,['DEF'],,,,,,,,,,,,,,,,,Jaguars,,,JAX,DEF,,,,,,,,,,
LAR,,,,,,,,,LAR,,,,True,,,,,nfl,,,Los Angeles,['DEF'],,,,,,,,,,,,,,,,,Rams,,,LAR,DEF,,,,,,,,,,
NO,,,,,,,,,NO,,,,True,,,,,nfl,,,New Orleans,['DEF'],,,,,,,,,,,,,,,,,Saints,,,NO,DEF,,,,,,,,,,
GB,,,,,,,,,GB,,,,True,,,,,nfl,,,Green Bay,['DEF'],,,,,,,,,,,,,,,,,Packers,,,GB,DEF,,,,,,,,,,
MIA,,,,,,,,,MIA,,,,True,,,,,nfl,,,Miami,['DEF'],,,,,,,,,,,,,,,,,Dolphins,,,MIA,DEF,,,,,,,,,,
DET,,,,,,,,,DET,,,,True,,,,,nfl,,,Detroit,['DEF'],,,,,,,,,,,,,,,,,Lions,,,DET,DEF,,,,,,,,,,
BUF,,,,,,,,,BUF,,,,True,,,,,nfl,,,Buffalo,['DEF'],,,,,,,,,,,,,,,,,Bills,,,BUF,DEF,,,,,,,,,,
PHI,,,,,,,,,PHI,,,,True,,,,,nfl,,,Philadelphia,['DEF'],,,,,,,,,,,,,,,,,Eagles,,,PHI,DEF,,,,,,,,,,
SF,,,,,,,,,SF,,,,True,,,,,nfl,,,San Francisco,['DEF'],,,,,,,,,,,,,,,,,49ers,,,SF,DEF,,,,,,,,,,
NYG,,,,,,,,,NYG,,,,True,,,,,nfl,,,New York,['DEF'],,,,,,,,,,,,,,,,,Giants,,,NYG,DEF,,,,,,,,,,
TEN,,,,,,,,,TEN,,,,True,,,,,nfl,,,Tennessee,['DEF'],,,,,,,,,,,,,,,,,Titans,,,TEN,DEF,,,,,,,,,,
CHI,,,,,,,,,CHI,,,,True,,,,,nfl,,,Chicago,['DEF'],,,,,,,,,,,,,,,,,Bears,,,CHI,DEF,,,,,,,,,,
CIN,,,,,,,,,CIN,,,,True,,,,,nfl,,,Cincinnati,['DEF'],,,,,,,,,,,,,,,,,Bengals,,,CIN,DEF,,,,,,,,,,
DEN,,,,,,,,,DEN,,,,True,,,,,nfl,,,Denver,['DEF'],,,,,,,,,,,,,,,,,Broncos,,,DEN,DEF,,,,,,,,,,
KC,,,,,,,,,KC,,,,True,,,,,nfl,,,Kansas City,['DEF'],,,,,,,,,,,,,,,,,Chiefs,,,KC,DEF,,,,,,,,,,
MIN,,,,,,,,,MIN,,,,True,,,,,nfl,,,Minnesota,['DEF'],,,,,,,,,,,,,,,,,Vikings,,,MIN,DEF,,,,,,,,,,
