Rank,Player ID,Player Name,Team,Position,Rush,Rush Yds,Rush TDs,0-9 RushTDs,10-19 RushTDs,20-29 RushTDs,30-39 RushTDs,40-49 RushTDs,50+ RushTDs,>= 50yds,>= 100yds,Tgt,RZTgt,Rec,Rec Yds,Rec TDs,>= 50yds.1,>= 100yds.1,Kick Ret Yds,Fum Lost,Scoring Opps,Pts,pos,source,source_url
1,13130,"McCaffrey, Christian",SFO,RB,276.0,1395.0,12.9,10.3,1.2,0.5,0.5,0.0,0.5,14.1,4.6,93.3,12.7,74.4,643.0,6.3,2.6,1.3,0.0,2.0,48.0,352.3,RB,FantasySharks,https://www.fantasysharks.com/apps/bert/forecasts/projections.php?csv=1&Sort=&Position=2&scoring=18
2,15710,"Williams, Kyren",LAR,RB,259.5,1202.0,12.8,10.5,1.1,1.2,0.0,0.0,0.0,13.3,2.4,53.7,13.7,36.0,245.0,1.7,1.0,0.5,5.0,2.4,37.7,247.1,RB,FantasySharks,https://www.fantasysharks.com/apps/bert/forecasts/projections.php?csv=1&Sort=&Position=2&scoring=18
3,14802,"Taylor, Jonathan",IND,RB,318.4,1334.0,9.7,7.7,0.5,0.0,0.0,0.9,0.7,14.7,2.7,59.8,8.7,44.0,274.0,1.8,1.1,0.5,0.0,2.3,39.0,247.0,RB,FantasySharks,https://www.fantasysharks.com/apps/bert/forecasts/projections.php?csv=1&Sort=&Position=2&scoring=18
4,16161,"Robinson, Bijan",ATL,RB,245.0,1111.0,5.5,3.8,1.7,0.0,0.0,0.0,0.0,11.2,2.2,91.8,12.8,61.3,533.0,3.6,2.1,1.1,19.0,2.8,29.3,244.9,RB,FantasySharks,https://www.fantasysharks.com/apps/bert/forecasts/projections.php?csv=1&Sort=&Position=2&scoring=18
5,13604,"Barkley, Saquon",PHI,RB,310.5,1276.0,8.6,8.6,0.0,0.0,0.0,0.0,0.0,14.8,2.6,69.4,5.4,48.3,311.0,1.9,1.2,0.6,0.0,1.8,26.4,244.7,RB,FantasySharks,https://www.fantasysharks.com/apps/bert/forecasts/projections.php?csv=1&Sort=&Position=2&scoring=18
6,15708,"Hall, Breece",NYJ,RB,210.7,971.0,6.3,2.8,0.2,0.0,1.3,0.0,2.1,12.4,1.9,83.7,6.6,63.7,518.0,3.2,2.1,1.0,0.0,0.0,18.4,239.9,RB,FantasySharks,https://www.fantasysharks.com/apps/bert/forecasts/projections.php?csv=1&Sort=&Position=2&scoring=18
7,15711,"Walker III, Kenneth",SEA,RB,293.5,1255.0,10.2,4.3,3.9,1.0,0.0,0.0,1.1,14.4,2.5,47.9,4.0,35.2,284.0,0.7,1.1,0.6,0.0,0.0,25.2,237.1,RB,FantasySharks,https://www.fantasysharks.com/apps/bert/forecasts/projections.php?csv=1&Sort=&Position=2&scoring=18
8,16167,"Achane, De'Von",MIA,RB,175.2,1050.0,9.7,5.1,1.3,2.1,0.0,0.0,1.2,4.9,2.1,70.1,11.7,49.3,346.0,2.6,1.4,0.7,78.0,1.1,22.3,236.0,RB,FantasySharks,https://www.fantasysharks.com/apps/bert/forecasts/projections.php?csv=1&Sort=&Position=2&scoring=18
9,15253,"Etienne, Travis",JAC,RB,248.6,1069.0,9.4,6.2,0.6,1.0,0.2,0.0,1.4,12.8,2.1,65.8,3.0,51.7,408.0,0.6,1.6,0.8,0.0,1.4,27.3,233.5,RB,FantasySharks,https://www.fantasysharks.com/apps/bert/forecasts/projections.php?csv=1&Sort=&Position=2&scoring=18
10,12626,"Henry, Derrick",BAL,RB,237.8,1102.0,12.0,7.4,2.6,1.3,0.3,0.3,0.0,13.3,2.2,46.5,3.6,31.7,266.0,0.7,1.1,0.5,72.0,0.3,34.4,228.4,RB,FantasySharks,https://www.fantasysharks.com/apps/bert/forecasts/projections.php?csv=1&Sort=&Position=2&scoring=18
11,16162,"Gibbs, Jahmyr",DET,RB,196.3,987.0,12.6,5.9,4.9,1.4,0.0,0.2,0.2,12.4,2.0,69.2,10.2,46.1,285.0,1.3,1.1,0.6,6.0,2.9,33.5,227.9,RB,FantasySharks,https://www.fantasysharks.com/apps/bert/forecasts/projections.php?csv=1&Sort=&Position=2&scoring=18
12,15721,"White, Rachaad",TBB,RB,256.4,949.0,4.0,4.0,0.0,0.0,0.0,0.0,0.0,11.8,1.9,80.5,8.1,71.3,541.0,3.8,2.2,1.1,0.0,2.8,17.3,225.9,RB,FantasySharks,https://www.fantasysharks.com/apps/bert/forecasts/projections.php?csv=1&Sort=&Position=2&scoring=18
13,15749,"Pacheco, Isiah",KCC,RB,254.2,1111.0,8.3,7.0,0.8,0.0,0.0,0.5,0.0,13.5,2.2,53.8,6.7,48.6,329.0,1.5,1.3,0.7,115.0,2.5,35.4,222.6,RB,FantasySharks,https://www.fantasysharks.com/apps/bert/forecasts/projections.php?csv=1&Sort=&Position=2&scoring=18
14,14071,"Montgomery, David",DET,RB,236.6,1149.0,12.4,11.0,0.0,0.0,0.0,0.6,0.9,13.1,2.3,38.1,2.7,27.5,193.0,0.0,0.8,0.4,0.0,1.2,32.1,222.1,RB,FantasySharks,https://www.fantasysharks.com/apps/bert/forecasts/projections.php?csv=1&Sort=&Position=2&scoring=18
15,13132,"Kamara, Alvin",NOS,RB,231.3,934.0,5.3,4.7,0.6,0.0,0.0,0.0,0.0,11.2,1.9,91.3,9.1,73.2,515.0,0.9,2.1,1.0,0.0,2.1,19.7,217.5,RB,FantasySharks,https://www.fantasysharks.com/apps/bert/forecasts/projections.php?csv=1&Sort=&Position=2&scoring=18
16,13131,"Mixon, Joe",HOU,RB,261.7,1050.0,7.3,6.4,0.9,0.0,0.0,0.0,0.0,13.2,2.1,54.4,12.1,41.4,297.0,2.4,1.2,0.6,7.0,0.0,34.8,213.8,RB,FantasySharks,https://www.fantasysharks.com/apps/bert/forecasts/projections.php?csv=1&Sort=&Position=2&scoring=18
17,13146,"Conner, James",ARI,RB,231.5,1085.0,7.9,6.3,0.5,1.1,0.0,0.0,0.0,11.5,3.4,49.5,5.4,40.2,252.0,2.2,1.0,0.5,0.0,0.4,25.0,213.7,RB,FantasySharks,https://www.fantasysharks.com/apps/bert/forecasts/projections.php?csv=1&Sort=&Position=2&scoring=18
18,12447,"Mostert, Raheem",MIA,RB,191.4,950.0,12.3,8.2,1.4,1.4,0.8,0.5,0.0,11.3,1.9,33.0,5.3,25.1,161.0,2.8,0.6,0.3,88.0,0.5,33.2,213.2,RB,FantasySharks,https://www.fantasysharks.com/apps/bert/forecasts/projections.php?csv=1&Sort=&Position=2&scoring=18
19,14073,"Jacobs, Josh",GBP,RB,310.6,1222.0,4.9,3.9,0.0,0.0,0.0,0.0,1.0,14.9,2.4,63.2,7.4,46.8,351.0,0.0,1.4,0.7,0.0,1.1,17.3,207.9,RB,FantasySharks,https://www.fantasysharks.com/apps/bert/forecasts/projections.php?csv=1&Sort=&Position=2&scoring=18
20,13404,"Ekeler, Austin",WAS,RB,206.3,725.0,5.8,4.6,1.2,0.0,0.0,0.0,0.0,2.9,1.4,90.7,8.5,67.4,558.0,2.6,2.2,1.1,28.0,2.9,26.3,206.8,RB,FantasySharks,https://www.fantasysharks.com/apps/bert/forecasts/projections.php?csv=1&Sort=&Position=2&scoring=18
21,15714,"White, Zamir",LVR,RB,294.8,1249.0,5.7,4.6,0.0,0.3,0.0,0.0,0.8,12.9,3.4,55.7,5.6,39.2,281.0,0.0,1.1,0.6,0.0,1.0,17.4,205.1,RB,FantasySharks,https://www.fantasysharks.com/apps/bert/forecasts/projections.php?csv=1&Sort=&Position=2&scoring=18
22,15716,"Robinson, Brian",WAS,RB,219.8,900.0,6.0,4.6,1.3,0.0,0.0,0.0,0.0,3.6,1.8,50.8,5.5,40.7,376.0,4.4,1.5,0.8,0.0,3.0,20.5,204.4,RB,FantasySharks,https://www.fantasysharks.com/apps/bert/forecasts/projections.php?csv=1&Sort=&Position=2&scoring=18
23,15254,"Harris, Najee",PIT,RB,272.8,1124.0,8.8,8.0,0.8,0.0,0.0,0.0,0.0,13.0,2.2,45.6,5.7,33.0,188.0,1.0,0.8,0.4,0.0,1.1,27.2,204.2,RB,FantasySharks,https://www.fantasysharks.com/apps/bert/forecasts/projections.php?csv=1&Sort=&Position=2&scoring=18
24,14080,"Singletary, Devin",NYG,RB,275.4,1052.0,7.6,7.1,0.6,0.0,0.0,0.0,0.0,12.7,2.1,57.6,4.7,41.3,275.0,0.9,1.1,0.5,38.0,0.9,21.5,204.0,RB,FantasySharks,https://www.fantasysharks.com/apps/bert/forecasts/projections.php?csv=1&Sort=&Position=2&scoring=18
25,15259,"Stevenson, Rhamondre",NEP,RB,212.5,880.0,5.5,3.7,0.0,0.0,1.1,0.0,0.7,8.5,1.8,90.5,8.6,69.1,409.0,1.4,1.6,0.8,0.0,1.4,17.7,201.8,RB,FantasySharks,https://www.fantasysharks.com/apps/bert/forecasts/projections.php?csv=1&Sort=&Position=2&scoring=18
26,15715,"Cook, James",BUF,RB,222.1,1059.0,1.8,0.6,0.0,1.2,0.0,0.0,0.0,12.7,2.1,55.9,6.0,45.1,419.0,4.1,1.7,0.8,0.0,2.0,17.7,201.8,RB,FantasySharks,https://www.fantasysharks.com/apps/bert/forecasts/projections.php?csv=1&Sort=&Position=2&scoring=18
27,14085,"Pollard, Tony",TEN,RB,238.9,924.0,7.6,5.6,1.0,1.0,0.0,0.0,0.0,11.7,1.8,66.6,9.7,52.4,323.0,0.8,1.3,0.6,12.0,0.6,31.1,201.1,RB,FantasySharks,https://www.fantasysharks.com/apps/bert/forecasts/projections.php?csv=1&Sort=&Position=2&scoring=18
28,14797,"Swift, D'Andre",CHI,RB,242.1,1138.0,6.0,5.0,1.0,0.0,0.0,0.0,0.0,13.1,2.3,52.5,6.0,39.0,232.0,1.0,0.9,0.5,0.0,0.6,27.3,196.8,RB,FantasySharks,https://www.fantasysharks.com/apps/bert/forecasts/projections.php?csv=1&Sort=&Position=2&scoring=18
29,14798,"Moss, Zack",CIN,RB,224.6,890.0,6.0,5.6,0.3,0.0,0.0,0.0,0.0,9.1,1.8,56.7,11.6,40.8,292.0,3.7,1.2,0.6,0.0,0.0,35.4,196.7,RB,FantasySharks,https://www.fantasysharks.com/apps/bert/forecasts/projections.php?csv=1&Sort=&Position=2&scoring=18
30,13850,"Edwards, Gus",LAC,RB,225.8,850.0,9.8,9.5,0.0,0.0,0.0,0.4,0.0,3.4,1.7,45.0,3.6,32.4,322.0,0.4,1.3,0.6,0.0,4.2,33.2,186.4,RB,FantasySharks,https://www.fantasysharks.com/apps/bert/forecasts/projections.php?csv=1&Sort=&Position=2&scoring=18
31,15256,"Williams, Javonte",DEN,RB,243.6,900.0,4.3,4.0,0.2,0.0,0.0,0.0,0.0,7.8,1.8,64.3,4.1,51.4,273.0,2.1,1.1,0.5,0.0,1.1,18.8,180.6,RB,FantasySharks,https://www.fantasysharks.com/apps/bert/forecasts/projections.php?csv=1&Sort=&Position=2&scoring=18
32,13610,"Chubb, Nick",CLE,RB,206.2,975.0,6.4,3.6,0.8,0.6,0.6,0.6,0.2,10.8,2.0,40.5,1.6,28.3,211.0,1.2,0.8,0.4,0.0,1.0,15.3,177.9,RB,FantasySharks,https://www.fantasysharks.com/apps/bert/forecasts/projections.php?csv=1&Sort=&Position=2&scoring=18
33,15713,"Ford, Jerome",CLE,RB,186.2,675.0,6.1,5.2,0.3,0.0,0.0,0.0,0.7,2.7,1.4,55.1,5.2,37.4,240.0,2.6,1.0,0.5,0.0,0.5,13.6,163.0,RB,FantasySharks,https://www.fantasysharks.com/apps/bert/forecasts/projections.php?csv=1&Sort=&Position=2&scoring=18
34,15742,"Warren, Jaylen",PIT,RB,156.1,790.0,3.9,0.9,2.5,0.0,0.0,0.0,0.5,3.2,1.6,72.3,6.7,57.7,357.0,0.0,1.4,0.7,0.0,1.9,15.5,163.0,RB,FantasySharks,https://www.fantasysharks.com/apps/bert/forecasts/projections.php?csv=1&Sort=&Position=2&scoring=18
35,13319,"Jones, Aaron",MIN,RB,213.5,951.0,2.4,2.4,0.0,0.0,0.0,0.0,0.0,11.8,1.9,56.5,9.8,41.2,273.0,0.8,1.1,0.5,0.0,1.2,16.4,159.7,RB,FantasySharks,https://www.fantasysharks.com/apps/bert/forecasts/projections.php?csv=1&Sort=&Position=2&scoring=18
36,13133,"Perine, Samaje",DEN,RB,100.4,400.0,0.2,0.2,0.0,0.0,0.0,0.0,0.0,1.6,0.8,103.7,5.4,86.5,722.0,0.4,2.9,1.4,0.0,0.8,9.6,158.5,RB,FantasySharks,https://www.fantasysharks.com/apps/bert/forecasts/projections.php?csv=1&Sort=&Position=2&scoring=18
37,12625,"Elliott, Ezekiel",DAL,RB,199.4,750.0,4.2,3.8,0.0,0.3,0.0,0.0,0.0,5.3,1.5,62.0,6.6,47.9,265.0,0.8,1.1,0.5,4.0,0.3,19.3,155.1,RB,FantasySharks,https://www.fantasysharks.com/apps/bert/forecasts/projections.php?csv=1&Sort=&Position=2&scoring=18
38,16597,"Brooks, Jonathon",CAR,RB,196.4,792.0,4.6,3.9,0.7,0.0,0.0,0.0,0.0,4.7,1.6,41.8,1.6,33.0,271.0,0.3,1.1,0.5,28.0,0.5,15.8,151.3,RB,FantasySharks,https://www.fantasysharks.com/apps/bert/forecasts/projections.php?csv=1&Sort=&Position=2&scoring=18
39,15261,"Hubbard, Chuba",CAR,RB,221.1,870.0,2.8,2.8,0.0,0.0,0.0,0.0,0.0,9.0,1.7,45.7,1.6,36.8,275.0,0.0,1.1,0.5,0.0,0.0,16.2,149.7,RB,FantasySharks,https://www.fantasysharks.com/apps/bert/forecasts/projections.php?csv=1&Sort=&Position=2&scoring=18
40,16165,"Spears, Tyjae",TEN,RB,114.3,500.0,1.8,1.0,0.8,0.0,0.0,0.0,0.0,2.0,1.0,82.6,7.4,62.9,476.0,1.6,1.9,1.0,280.0,0.0,9.5,149.2,RB,FantasySharks,https://www.fantasysharks.com/apps/bert/forecasts/projections.php?csv=1&Sort=&Position=2&scoring=18
41,15712,"Allgeier, Tyler",ATL,RB,188.5,805.0,3.4,2.6,0.0,0.0,0.8,0.0,0.0,7.0,1.6,21.5,0.9,17.8,191.0,1.3,0.8,0.4,0.0,0.0,14.3,138.2,RB,FantasySharks,https://www.fantasysharks.com/apps/bert/forecasts/projections.php?csv=1&Sort=&Position=2&scoring=18
42,14823,"Dowdle, Rico",DAL,RB,156.0,625.0,3.4,3.4,0.0,0.0,0.0,0.0,0.0,2.5,1.2,40.8,7.2,29.7,256.0,2.3,1.0,0.5,64.0,0.0,19.9,137.2,RB,FantasySharks,https://www.fantasysharks.com/apps/bert/forecasts/projections.php?csv=1&Sort=&Position=2&scoring=18
43,14852,"Gibson, Antonio",NEP,RB,109.5,412.0,2.4,2.2,0.0,0.0,0.0,0.0,0.3,1.6,0.8,61.0,5.7,48.5,336.0,1.6,1.3,0.7,146.0,0.0,6.6,123.1,RB,FantasySharks,https://www.fantasysharks.com/apps/bert/forecasts/projections.php?csv=1&Sort=&Position=2&scoring=18
44,16169,"Charbonnet, Zach",SEA,RB,130.3,577.0,0.7,0.7,0.0,0.0,0.0,0.0,0.0,2.3,1.2,53.5,1.4,45.9,302.0,0.3,1.2,0.6,15.0,0.2,9.7,116.4,RB,FantasySharks,https://www.fantasysharks.com/apps/bert/forecasts/projections.php?csv=1&Sort=&Position=2&scoring=18
45,14803,"Edwards-Helaire, Clyde",KCC,RB,109.8,350.0,1.4,1.4,0.0,0.0,0.0,0.0,0.0,1.4,0.7,51.8,10.3,39.7,371.0,1.9,1.5,0.7,0.0,0.0,14.8,111.9,RB,FantasySharks,https://www.fantasysharks.com/apps/bert/forecasts/projections.php?csv=1&Sort=&Position=2&scoring=18
46,15723,"Chandler, Ty",MIN,RB,132.3,529.0,4.1,3.8,0.3,0.0,0.0,0.0,0.0,2.1,1.1,35.3,5.8,28.9,179.0,0.0,0.7,0.4,12.0,0.0,12.8,109.9,RB,FantasySharks,https://www.fantasysharks.com/apps/bert/forecasts/projections.php?csv=1&Sort=&Position=2&scoring=18
47,14086,"Hill, Justice",BAL,RB,98.1,450.0,2.1,1.4,0.7,0.0,0.0,0.0,0.0,1.8,0.9,54.9,2.0,33.0,258.0,0.8,1.0,0.5,141.0,0.6,9.5,103.8,RB,FantasySharks,https://www.fantasysharks.com/apps/bert/forecasts/projections.php?csv=1&Sort=&Position=2&scoring=18
48,15271,"Herbert, Khalil",CHI,RB,155.4,633.0,2.2,0.9,1.4,0.0,0.0,0.0,0.0,2.5,1.3,36.7,5.0,24.3,136.0,0.1,0.5,0.3,0.0,0.7,7.2,103.2,RB,FantasySharks,https://www.fantasysharks.com/apps/bert/forecasts/projections.php?csv=1&Sort=&Position=2&scoring=18
49,14805,"Dillon, AJ",GBP,RB,161.3,595.0,1.2,1.2,0.0,0.0,0.0,0.0,0.0,2.4,1.2,28.6,1.4,23.4,226.0,0.0,0.9,0.5,0.0,0.0,9.7,100.9,RB,FantasySharks,https://www.fantasysharks.com/apps/bert/forecasts/projections.php?csv=1&Sort=&Position=2&scoring=18
50,16175,"Johnson, Roschon",CHI,RB,88.2,400.0,2.7,2.7,0.0,0.0,0.0,0.0,0.0,1.6,0.8,57.6,5.0,41.4,231.0,0.0,0.9,0.5,12.0,0.0,11.6,99.9,RB,FantasySharks,https://www.fantasysharks.com/apps/bert/forecasts/projections.php?csv=1&Sort=&Position=2&scoring=18
51,14800,"Dobbins, J.K.",LAC,RB,133.3,800.0,0.0,0.0,0.0,0.0,0.0,0.0,0.0,1.0,0.5,17.9,4.3,16.4,78.0,0.0,0.3,0.2,0.0,0.0,0.0,96.0,RB,FantasySharks,https://www.fantasysharks.com/apps/bert/forecasts/projections.php?csv=1&Sort=&Position=2&scoring=18
52,15255,"Gainwell, Kenneth",PHI,RB,86.0,417.0,2.4,1.6,0.7,0.0,0.2,0.0,0.0,1.7,0.8,40.7,2.2,32.9,230.0,0.0,0.9,0.5,23.0,0.6,12.5,95.5,RB,FantasySharks,https://www.fantasysharks.com/apps/bert/forecasts/projections.php?csv=1&Sort=&Position=2&scoring=18
53,16385,"Demercado, Emari",ARI,RB,97.1,415.0,2.2,0.0,1.8,0.0,0.0,0.4,0.0,1.7,0.8,42.6,0.0,34.6,190.0,0.0,0.8,0.4,0.0,0.0,3.9,90.8,RB,FantasySharks,https://www.fantasysharks.com/apps/bert/forecasts/projections.php?csv=1&Sort=&Position=2&scoring=18
54,15263,"Mitchell, Elijah",SFO,RB,108.3,462.0,5.1,4.7,0.2,0.2,0.0,0.0,0.0,1.8,0.9,12.2,1.6,10.0,51.0,0.2,0.2,0.1,11.0,0.0,20.4,88.3,RB,FantasySharks,https://www.fantasysharks.com/apps/bert/forecasts/projections.php?csv=1&Sort=&Position=2&scoring=18
55,13139,"Williams, Jamaal",NOS,RB,135.1,409.0,2.8,2.8,0.0,0.0,0.0,0.0,0.0,1.6,0.8,27.9,0.7,25.1,117.0,0.0,0.5,0.2,0.0,0.0,7.0,82.1,RB,FantasySharks,https://www.fantasysharks.com/apps/bert/forecasts/projections.php?csv=1&Sort=&Position=2&scoring=18
56,16595,"Estime, Audric",DEN,RB,80.9,450.0,0.0,0.0,0.0,0.0,0.0,0.0,0.0,1.1,0.5,48.1,6.8,35.4,189.0,0.0,0.8,0.4,17.0,0.8,4.1,82.0,RB,FantasySharks,https://www.fantasysharks.com/apps/bert/forecasts/projections.php?csv=1&Sort=&Position=2&scoring=18
57,14095,"Johnson, Ty",BUF,RB,82.5,342.0,1.8,1.8,0.0,0.0,0.0,0.0,0.0,1.4,0.7,29.1,5.0,22.5,179.0,1.3,0.7,0.4,122.0,1.0,12.2,80.5,RB,FantasySharks,https://www.fantasysharks.com/apps/bert/forecasts/projections.php?csv=1&Sort=&Position=2&scoring=18
58,14799,"Akers, Cam",HOU,RB,105.1,420.0,2.1,2.1,0.0,0.0,0.0,0.0,0.0,1.7,0.8,22.6,4.6,19.3,141.0,0.0,0.6,0.3,0.0,0.0,8.1,78.2,RB,FantasySharks,https://www.fantasysharks.com/apps/bert/forecasts/projections.php?csv=1&Sort=&Position=2&scoring=18
59,14223,"Mattison, Alexander",LVR,RB,102.8,419.0,0.7,0.0,0.0,0.7,0.0,0.0,0.0,1.7,0.8,34.4,5.9,22.6,154.0,1.1,0.6,0.3,0.0,1.1,7.9,77.2,RB,FantasySharks,https://www.fantasysharks.com/apps/bert/forecasts/projections.php?csv=1&Sort=&Position=2&scoring=18
60,16604,"Lloyd, MarShawn",GBP,RB,106.3,443.0,1.7,1.3,0.0,0.4,0.0,0.0,0.0,1.8,0.9,31.5,5.9,19.8,113.0,0.0,0.5,0.2,0.0,0.4,8.6,74.6,RB,FantasySharks,https://www.fantasysharks.com/apps/bert/forecasts/projections.php?csv=1&Sort=&Position=2&scoring=18
61,15717,"Pierce, Dameon",HOU,RB,139.6,440.0,0.9,0.9,0.0,0.0,0.0,0.0,0.0,1.8,0.9,24.0,3.5,18.1,121.0,0.7,0.5,0.2,130.0,0.0,14.7,74.4,RB,FantasySharks,https://www.fantasysharks.com/apps/bert/forecasts/projections.php?csv=1&Sort=&Position=2&scoring=18
62,16178,"Mitchell, Keaton",BAL,RB,93.8,483.0,1.6,1.0,0.0,0.0,0.6,0.1,0.0,1.9,1.0,18.8,1.5,14.0,140.0,0.0,0.6,0.3,31.0,2.6,6.4,73.8,RB,FantasySharks,https://www.fantasysharks.com/apps/bert/forecasts/projections.php?csv=1&Sort=&Position=2&scoring=18
63,16390,"McLaughlin, Jaleel",DEN,RB,64.4,326.0,0.9,0.9,0.0,0.0,0.0,0.0,0.0,1.3,0.7,30.8,5.2,26.2,132.0,1.1,0.5,0.3,0.0,0.0,5.9,72.0,RB,FantasySharks,https://www.fantasysharks.com/apps/bert/forecasts/projections.php?csv=1&Sort=&Position=2&scoring=18
64,16180,"Hull, Evan",IND,RB,95.9,457.0,0.0,0.0,0.0,0.0,0.0,0.0,0.0,1.8,0.9,29.5,3.1,23.2,139.0,0.0,0.6,0.3,0.0,0.3,4.8,71.3,RB,FantasySharks,https://www.fantasysharks.com/apps/bert/forecasts/projections.php?csv=1&Sort=&Position=2&scoring=18
65,14079,"Sanders, Miles",CAR,RB,126.0,411.0,0.2,0.2,0.0,0.0,0.0,0.0,0.0,1.6,0.8,38.4,3.0,26.3,146.0,0.0,0.6,0.3,144.0,1.4,6.2,67.9,RB,FantasySharks,https://www.fantasysharks.com/apps/bert/forecasts/projections.php?csv=1&Sort=&Position=2&scoring=18
66,13134,"Foreman, D'Onta",CLE,RB,101.5,399.0,2.8,2.8,0.0,0.0,0.0,0.0,0.0,1.6,0.8,11.7,0.0,8.7,57.0,0.0,0.2,0.1,0.0,0.0,7.1,66.7,RB,FantasySharks,https://www.fantasysharks.com/apps/bert/forecasts/projections.php?csv=1&Sort=&Position=2&scoring=18
67,16181,"Brown, Chase",CIN,RB,69.7,292.0,0.3,0.3,0.0,0.0,0.0,0.0,0.0,1.2,0.6,24.1,1.2,20.4,189.0,1.1,0.8,0.4,215.0,0.0,1.7,66.6,RB,FantasySharks,https://www.fantasysharks.com/apps/bert/forecasts/projections.php?csv=1&Sort=&Position=2&scoring=18
68,15258,"Carter, Michael",ARI,RB,39.1,200.0,0.0,0.0,0.0,0.0,0.0,0.0,0.0,0.8,0.4,64.9,11.0,46.5,174.0,0.5,0.7,0.3,0.0,0.0,3.8,63.4,RB,FantasySharks,https://www.fantasysharks.com/apps/bert/forecasts/projections.php?csv=1&Sort=&Position=2&scoring=18
69,16598,"Irving, Bucky",TBB,RB,96.6,348.0,0.0,0.0,0.0,0.0,0.0,0.0,0.0,1.4,0.7,33.7,3.0,26.2,129.0,0.4,0.5,0.3,79.0,0.9,4.6,61.5,RB,FantasySharks,https://www.fantasysharks.com/apps/bert/forecasts/projections.php?csv=1&Sort=&Position=2&scoring=18
70,16168,"Abanikanda, Israel",NYJ,RB,83.7,277.0,0.0,0.0,0.0,0.0,0.0,0.0,0.0,1.1,0.6,45.0,0.8,30.9,187.0,0.0,0.7,0.4,53.0,1.3,1.0,59.4,RB,FantasySharks,https://www.fantasysharks.com/apps/bert/forecasts/projections.php?csv=1&Sort=&Position=2&scoring=18
71,16594,"Benson, Trey",ARI,RB,58.7,270.0,1.2,0.4,0.0,0.0,0.0,0.8,0.0,1.1,0.5,27.8,3.1,21.3,119.0,0.1,0.5,0.2,18.0,0.0,3.7,57.4,RB,FantasySharks,https://www.fantasysharks.com/apps/bert/forecasts/projections.php?csv=1&Sort=&Position=2&scoring=18
72,13622,"Hines, Nyheim",CLE,RB,64.7,388.0,0.7,0.7,0.0,0.0,0.0,0.0,0.0,0.6,0.3,12.9,2.6,8.7,47.0,0.0,0.2,0.1,831.0,0.0,2.7,52.1,RB,FantasySharks,https://www.fantasysharks.com/apps/bert/forecasts/projections.php?csv=1&Sort=&Position=2&scoring=18
73,16593,"Corum, Blake",LAR,RB,94.3,327.0,1.4,1.0,0.0,0.5,0.0,0.0,0.0,1.3,0.7,12.1,0.4,7.4,61.0,0.0,0.2,0.1,7.0,0.0,6.5,51.1,RB,FantasySharks,https://www.fantasysharks.com/apps/bert/forecasts/projections.php?csv=1&Sort=&Position=2&scoring=18
74,15733,"Strong Jr., Pierre",CLE,RB,72.8,329.0,1.5,1.5,0.0,0.0,0.0,0.0,0.0,1.3,0.7,10.1,0.0,5.7,22.0,0.0,0.1,0.0,270.0,0.0,2.9,46.8,RB,FantasySharks,https://www.fantasysharks.com/apps/bert/forecasts/projections.php?csv=1&Sort=&Position=2&scoring=18
75,11367,"Juszczyk, Kyle",SFO,RB,9.7,15.0,0.0,0.0,0.0,0.0,0.0,0.0,0.0,0.1,0.0,24.5,2.3,18.9,216.0,1.7,0.9,0.4,25.0,0.0,3.4,42.5,RB,FantasySharks,https://www.fantasysharks.com/apps/bert/forecasts/projections.php?csv=1&Sort=&Position=2&scoring=18
76,14331,"Johnson, D'Ernest",JAC,RB,60.5,189.0,0.6,0.6,0.0,0.0,0.0,0.0,0.0,0.8,0.4,13.9,0.0,9.5,153.0,0.0,0.6,0.3,212.0,0.3,4.2,41.9,RB,FantasySharks,https://www.fantasysharks.com/apps/bert/forecasts/projections.php?csv=1&Sort=&Position=2&scoring=18
77,16173,"Gray, Eric",NYG,RB,55.1,175.0,0.0,0.0,0.0,0.0,0.0,0.0,0.0,0.7,0.4,27.3,0.8,20.6,115.0,0.0,0.5,0.2,40.0,0.0,1.6,39.3,RB,FantasySharks,https://www.fantasysharks.com/apps/bert/forecasts/projections.php?csv=1&Sort=&Position=2&scoring=18
78,15719,"Harris, Kevin",NEP,RB,28.5,117.0,2.2,0.0,2.2,0.0,0.0,0.0,0.0,0.5,0.2,12.1,1.3,7.2,85.0,0.0,0.3,0.2,185.0,0.0,2.2,36.9,RB,FantasySharks,https://www.fantasysharks.com/apps/bert/forecasts/projections.php?csv=1&Sort=&Position=2&scoring=18
79,14811,"Ahmed, Salvon",MIA,RB,29.7,125.0,1.3,0.7,0.6,0.0,0.0,0.0,0.0,0.5,0.3,20.9,2.6,13.7,89.0,0.1,0.4,0.2,2.0,0.0,4.6,36.8,RB,FantasySharks,https://www.fantasysharks.com/apps/bert/forecasts/projections.php?csv=1&Sort=&Position=2&scoring=18
80,14807,"Kelley, Joshua",LAC,RB,92.7,282.0,0.3,0.0,0.0,0.0,0.0,0.3,0.0,1.1,0.6,13.6,1.1,9.1,36.0,0.0,0.1,0.1,18.0,1.1,4.8,35.7,RB,FantasySharks,https://www.fantasysharks.com/apps/bert/forecasts/projections.php?csv=1&Sort=&Position=2&scoring=18
81,15738,"Davis, Malik",DAL,RB,45.1,148.0,0.5,0.0,0.0,0.5,0.0,0.0,0.0,0.6,0.3,12.7,2.5,10.1,114.0,0.0,0.5,0.2,0.0,0.0,0.5,34.4,RB,FantasySharks,https://www.fantasysharks.com/apps/bert/forecasts/projections.php?csv=1&Sort=&Position=2&scoring=18
82,12155,"Abdullah, Ameer",LVR,RB,16.2,93.0,0.0,0.0,0.0,0.0,0.0,0.0,0.0,0.4,0.2,25.7,4.3,20.2,136.0,0.1,0.5,0.3,207.0,0.0,2.3,33.5,RB,FantasySharks,https://www.fantasysharks.com/apps/bert/forecasts/projections.php?csv=1&Sort=&Position=2&scoring=18
83,13378,"Breida, Matt",NYG,RB,49.5,137.0,1.0,1.0,0.0,0.0,0.0,0.0,0.0,0.5,0.3,19.5,0.0,15.3,56.0,0.0,0.2,0.1,24.0,0.0,1.4,33.0,RB,FantasySharks,https://www.fantasysharks.com/apps/bert/forecasts/projections.php?csv=1&Sort=&Position=2&scoring=18
84,16174,"Rodriguez, Chris",WAS,RB,69.3,309.0,0.0,0.0,0.0,0.0,0.0,0.0,0.0,1.2,0.6,5.0,1.6,3.3,19.0,0.0,0.1,0.0,21.0,1.6,3.7,31.3,RB,FantasySharks,https://www.fantasysharks.com/apps/bert/forecasts/projections.php?csv=1&Sort=&Position=2&scoring=18
85,15454,"Williams, Avery",ATL,RB,51.5,199.0,0.0,0.0,0.0,0.0,0.0,0.0,0.0,0.8,0.4,16.5,2.5,13.6,61.0,0.0,0.2,0.1,207.0,1.0,5.5,30.9,RB,FantasySharks,https://www.fantasysharks.com/apps/bert/forecasts/projections.php?csv=1&Sort=&Position=2&scoring=18
86,16603,"Davis, Ray",BUF,RB,48.8,195.0,0.0,0.0,0.0,0.0,0.0,0.0,0.0,0.8,0.4,8.9,0.9,5.1,55.0,0.5,0.2,0.1,263.0,0.0,2.5,30.4,RB,FantasySharks,https://www.fantasysharks.com/apps/bert/forecasts/projections.php?csv=1&Sort=&Position=2&scoring=18
87,14420,"Ingold, Alec",MIA,RB,11.3,44.0,1.5,1.5,0.0,0.0,0.0,0.0,0.0,0.2,0.1,19.4,1.8,10.3,90.0,0.3,0.4,0.2,12.0,0.0,1.8,29.3,RB,FantasySharks,https://www.fantasysharks.com/apps/bert/forecasts/projections.php?csv=1&Sort=&Position=2&scoring=18
88,13148,"Ogunbowale, Dare",HOU,RB,43.1,139.0,0.6,0.6,0.0,0.0,0.0,0.0,0.0,0.6,0.3,19.5,1.3,11.0,58.0,0.0,0.2,0.1,71.0,0.0,4.3,29.0,RB,FantasySharks,https://www.fantasysharks.com/apps/bert/forecasts/projections.php?csv=1&Sort=&Position=2&scoring=18
89,16176,"Vaughn, Deuce",DAL,RB,60.6,114.0,0.0,0.0,0.0,0.0,0.0,0.0,0.0,0.5,0.2,23.1,2.1,15.4,93.0,0.0,0.4,0.2,30.0,0.0,2.2,28.4,RB,FantasySharks,https://www.fantasysharks.com/apps/bert/forecasts/projections.php?csv=1&Sort=&Position=2&scoring=18
90,14727,"Reynolds, Craig",DET,RB,46.8,183.0,0.3,0.3,0.0,0.0,0.0,0.0,0.0,0.7,0.4,7.3,0.0,7.3,72.0,0.0,0.3,0.1,206.0,1.4,8.2,28.2,RB,FantasySharks,https://www.fantasysharks.com/apps/bert/forecasts/projections.php?csv=1&Sort=&Position=2&scoring=18
91,16610,"Wright, Jaylen",MIA,RB,29.7,126.0,0.0,0.0,0.0,0.0,0.0,0.0,0.0,0.5,0.3,22.5,1.9,12.8,88.0,0.0,0.4,0.2,4.0,0.0,2.1,28.0,RB,FantasySharks,https://www.fantasysharks.com/apps/bert/forecasts/projections.php?csv=1&Sort=&Position=2&scoring=18
92,11225,"Patterson, Cordarrelle",PIT,RB,35.0,124.0,0.7,0.7,0.0,0.0,0.0,0.0,0.0,0.5,0.2,11.0,2.6,7.3,28.0,0.8,0.1,0.1,266.0,0.0,6.0,27.8,RB,FantasySharks,https://www.fantasysharks.com/apps/bert/forecasts/projections.php?csv=1&Sort=&Position=2&scoring=18
93,13726,"Edmonds, Chase",TBB,RB,48.4,148.0,0.0,0.0,0.0,0.0,0.0,0.0,0.0,0.6,0.3,16.1,0.0,12.7,63.0,0.0,0.3,0.1,0.0,0.0,0.0,27.5,RB,FantasySharks,https://www.fantasysharks.com/apps/bert/forecasts/projections.php?csv=1&Sort=&Position=2&scoring=18
94,16171,"Miller, Kendre",NOS,RB,29.1,90.0,0.7,0.7,0.0,0.0,0.0,0.0,0.0,0.4,0.2,11.2,0.0,10.8,86.0,0.0,0.3,0.2,30.0,0.0,1.6,27.0,RB,FantasySharks,https://www.fantasysharks.com/apps/bert/forecasts/projections.php?csv=1&Sort=&Position=2&scoring=18
95,12923,"Ham, C.J.",MIN,RB,3.1,2.0,1.5,1.5,0.0,0.0,0.0,0.0,0.0,0.0,0.0,19.5,1.5,16.4,82.0,0.0,0.3,0.2,0.0,0.0,3.1,25.7,RB,FantasySharks,https://www.fantasysharks.com/apps/bert/forecasts/projections.php?csv=1&Sort=&Position=2&scoring=18
96,16164,"Bigsby, Tank",JAC,RB,59.9,143.0,1.7,1.7,0.0,0.0,0.0,0.0,0.0,0.6,0.3,7.2,0.0,1.9,24.0,0.0,0.1,0.1,95.0,1.4,2.8,24.9,RB,FantasySharks,https://www.fantasysharks.com/apps/bert/forecasts/projections.php?csv=1&Sort=&Position=2&scoring=18
97,15462,"Brightwell, Gary",FA,RB,31.7,92.0,0.0,0.0,0.0,0.0,0.0,0.0,0.0,0.4,0.2,15.7,1.8,10.6,96.0,0.0,0.4,0.2,252.0,0.0,1.5,24.1,RB,FantasySharks,https://www.fantasysharks.com/apps/bert/forecasts/projections.php?csv=1&Sort=&Position=2&scoring=18
98,16746,"Ali, Rasheen",BAL,RB,47.7,179.0,0.0,0.0,0.0,0.0,0.0,0.0,0.0,0.7,0.4,11.8,2.0,7.4,57.0,0.1,0.2,0.1,71.0,2.5,4.6,23.9,RB,FantasySharks,https://www.fantasysharks.com/apps/bert/forecasts/projections.php?csv=1&Sort=&Position=2&scoring=18
99,16688,"Guerendo, Isaac",SFO,RB,32.7,132.0,0.0,0.0,0.0,0.0,0.0,0.0,0.0,0.5,0.3,9.9,1.7,7.3,65.0,0.0,0.3,0.1,11.0,0.0,0.0,23.5,RB,FantasySharks,https://www.fantasysharks.com/apps/bert/forecasts/projections.php?csv=1&Sort=&Position=2&scoring=18
100,15726,"Rivers, Ronnie",LAR,RB,52.8,162.0,0.0,0.0,0.0,0.0,0.0,0.0,0.0,0.6,0.3,8.3,1.0,7.2,35.0,0.0,0.1,0.1,20.0,0.0,1.0,23.3,RB,FantasySharks,https://www.fantasysharks.com/apps/bert/forecasts/projections.php?csv=1&Sort=&Position=2&scoring=18
101,15973,"Blackshear, Raheem",CAR,RB,21.0,59.0,0.3,0.3,0.0,0.0,0.0,0.0,0.0,0.2,0.1,12.3,0.0,10.8,67.0,0.0,0.3,0.1,672.0,0.0,0.3,22.6,RB,FantasySharks,https://www.fantasysharks.com/apps/bert/forecasts/projections.php?csv=1&Sort=&Position=2&scoring=18
102,13617,"Freeman, Royce",DAL,RB,45.8,147.0,0.2,0.0,0.0,0.2,0.0,0.0,0.0,0.6,0.3,6.6,0.0,4.6,33.0,0.0,0.1,0.1,0.0,0.0,5.8,21.7,RB,FantasySharks,https://www.fantasysharks.com/apps/bert/forecasts/projections.php?csv=1&Sort=&Position=2&scoring=18
103,15734,"Ingram, Keaontay",KCC,RB,35.2,104.0,0.0,0.0,0.0,0.0,0.0,0.0,0.0,0.4,0.2,11.8,0.5,8.0,37.0,0.5,0.1,0.1,0.0,0.0,0.5,21.0,RB,FantasySharks,https://www.fantasysharks.com/apps/bert/forecasts/projections.php?csv=1&Sort=&Position=2&scoring=18
104,14319,"Beck, Andrew",HOU,RB,5.2,3.0,1.0,1.0,0.0,0.0,0.0,0.0,0.0,0.0,0.0,12.8,4.3,8.5,55.0,1.3,0.2,0.1,99.0,1.6,5.4,20.6,RB,FantasySharks,https://www.fantasysharks.com/apps/bert/forecasts/projections.php?csv=1&Sort=&Position=2&scoring=18
105,15720,"Haskins, Hassan",TEN,RB,22.0,76.0,0.0,0.0,0.0,0.0,0.0,0.0,0.0,0.3,0.2,13.0,0.0,11.6,66.0,0.0,0.3,0.1,411.0,0.0,0.0,20.1,RB,FantasySharks,https://www.fantasysharks.com/apps/bert/forecasts/projections.php?csv=1&Sort=&Position=2&scoring=18
106,15709,"Spiller, Isaiah",LAC,RB,39.1,87.0,0.0,0.0,0.0,0.0,0.0,0.0,0.0,0.3,0.2,10.3,3.4,10.3,59.0,0.0,0.2,0.1,0.0,0.0,0.0,19.8,RB,FantasySharks,https://www.fantasysharks.com/apps/bert/forecasts/projections.php?csv=1&Sort=&Position=2&scoring=18
107,16678,"Vaki, Sione",DET,RB,34.5,99.0,0.0,0.0,0.0,0.0,0.0,0.0,0.0,0.4,0.2,11.2,1.1,7.1,53.0,0.0,0.2,0.1,411.0,0.0,3.1,18.8,RB,FantasySharks,https://www.fantasysharks.com/apps/bert/forecasts/projections.php?csv=1&Sort=&Position=2&scoring=18
108,15257,"Sermon, Trey",IND,RB,30.6,130.0,0.0,0.0,0.0,0.0,0.0,0.0,0.0,0.5,0.3,10.3,0.0,5.1,22.0,0.0,0.1,0.0,0.0,0.0,0.0,17.7,RB,FantasySharks,https://www.fantasysharks.com/apps/bert/forecasts/projections.php?csv=1&Sort=&Position=2&scoring=18
109,15727,"Knight, Zonovan",DET,RB,47.8,87.0,0.0,0.0,0.0,0.0,0.0,0.0,0.0,0.3,0.2,7.0,0.0,5.8,56.0,0.0,0.2,0.1,44.0,0.0,0.0,17.2,RB,FantasySharks,https://www.fantasysharks.com/apps/bert/forecasts/projections.php?csv=1&Sort=&Position=2&scoring=18
110,16596,"Allen, Braelon",NYJ,RB,36.5,95.0,0.0,0.0,0.0,0.0,0.0,0.0,0.0,0.4,0.2,13.8,1.3,8.1,41.0,0.0,0.2,0.1,21.0,0.6,0.6,16.5,RB,FantasySharks,https://www.fantasysharks.com/apps/bert/forecasts/projections.php?csv=1&Sort=&Position=2&scoring=18
111,14808,"Evans, Darrynton",BUF,RB,21.5,87.0,0.2,0.0,0.2,0.0,0.0,0.0,0.0,0.3,0.2,6.9,0.2,5.2,37.0,0.0,0.1,0.1,0.0,0.0,1.4,16.4,RB,FantasySharks,https://www.fantasysharks.com/apps/bert/forecasts/projections.php?csv=1&Sort=&Position=2&scoring=18
112,14076,"Williams, Trayveon",CIN,RB,22.4,96.0,0.0,0.0,0.0,0.0,0.0,0.0,0.0,0.4,0.2,9.6,1.0,8.0,27.0,0.0,0.1,0.1,230.0,0.0,0.0,16.3,RB,FantasySharks,https://www.fantasysharks.com/apps/bert/forecasts/projections.php?csv=1&Sort=&Position=2&scoring=18
113,15730,"Goodson, Tyler",IND,RB,19.5,98.0,0.0,0.0,0.0,0.0,0.0,0.0,0.0,0.4,0.2,13.6,4.6,5.7,35.0,0.0,0.1,0.1,0.0,0.0,0.2,16.1,RB,FantasySharks,https://www.fantasysharks.com/apps/bert/forecasts/projections.php?csv=1&Sort=&Position=2&scoring=18
114,16432,"Wilson, Emanuel",GBP,RB,19.6,117.0,0.0,0.0,0.0,0.0,0.0,0.0,0.0,0.5,0.2,5.4,0.0,3.2,24.0,0.0,0.1,0.1,0.0,0.0,0.0,15.7,RB,FantasySharks,https://www.fantasysharks.com/apps/bert/forecasts/projections.php?csv=1&Sort=&Position=2&scoring=18
115,16601,"Shipley, Will",PHI,RB,30.4,109.0,0.0,0.0,0.0,0.0,0.0,0.0,0.0,0.4,0.2,7.0,0.0,3.8,20.0,0.0,0.1,0.0,201.0,0.0,2.3,14.8,RB,FantasySharks,https://www.fantasysharks.com/apps/bert/forecasts/projections.php?csv=1&Sort=&Position=2&scoring=18
116,14817,"Taylor, Patrick",SFO,RB,27.7,111.0,0.0,0.0,0.0,0.0,0.0,0.0,0.0,0.4,0.2,5.3,0.6,3.1,20.0,0.0,0.1,0.0,31.0,0.0,1.0,14.6,RB,FantasySharks,https://www.fantasysharks.com/apps/bert/forecasts/projections.php?csv=1&Sort=&Position=2&scoring=18
117,15277,"Jackson, Deon",FA,RB,35.6,76.0,0.0,0.0,0.0,0.0,0.0,0.0,0.0,0.3,0.2,13.9,0.9,12.2,33.0,0.9,0.1,0.1,0.0,4.7,4.4,13.0,RB,FantasySharks,https://www.fantasysharks.com/apps/bert/forecasts/projections.php?csv=1&Sort=&Position=2&scoring=18
118,16747,"Tracy, Tyrone",NYG,RB,8.9,20.0,0.0,0.0,0.0,0.0,0.0,0.0,0.0,0.1,0.0,10.1,0.0,7.7,38.0,0.0,0.2,0.1,165.0,0.0,0.0,9.7,RB,FantasySharks,https://www.fantasysharks.com/apps/bert/forecasts/projections.php?csv=1&Sort=&Position=2&scoring=18
119,13234,"Mack, Marlon",ARI,RB,2.3,11.0,0.0,0.0,0.0,0.0,0.0,0.0,0.0,0.1,0.0,2.8,0.0,1.4,28.0,0.7,0.1,0.1,21.0,0.0,0.7,8.8,RB,FantasySharks,https://www.fantasysharks.com/apps/bert/forecasts/projections.php?csv=1&Sort=&Position=2&scoring=18
120,16757,"Vidal, Kimani",LAC,RB,29.9,66.0,0.0,0.0,0.0,0.0,0.0,0.0,0.0,0.3,0.1,7.5,0.5,5.2,18.0,0.0,0.1,0.0,21.0,1.2,0.7,8.6,RB,FantasySharks,https://www.fantasysharks.com/apps/bert/forecasts/projections.php?csv=1&Sort=&Position=2&scoring=18
121,14815,"Dallas, DeeJay",ARI,RB,11.7,40.0,0.0,0.0,0.0,0.0,0.0,0.0,0.0,0.2,0.1,8.1,1.0,4.8,21.0,0.0,0.1,0.0,331.0,0.0,1.0,8.5,RB,FantasySharks,https://www.fantasysharks.com/apps/bert/forecasts/projections.php?csv=1&Sort=&Position=2&scoring=18
122,13814,"Scott, Boston",LAR,RB,10.3,36.0,0.0,0.0,0.0,0.0,0.0,0.0,0.0,0.1,0.1,4.2,0.0,2.2,36.0,0.0,0.1,0.1,121.0,0.0,0.6,8.4,RB,FantasySharks,https://www.fantasysharks.com/apps/bert/forecasts/projections.php?csv=1&Sort=&Position=2&scoring=18
123,14083,"Homer, Travis",CHI,RB,8.9,31.0,0.0,0.0,0.0,0.0,0.0,0.0,0.0,0.1,0.1,11.8,0.0,4.1,27.0,0.0,0.1,0.1,0.0,0.0,0.8,7.9,RB,FantasySharks,https://www.fantasysharks.com/apps/bert/forecasts/projections.php?csv=1&Sort=&Position=2&scoring=18
124,16170,"McIntosh, Kenny",SEA,RB,8.3,37.0,0.0,0.0,0.0,0.0,0.0,0.0,0.0,0.1,0.1,4.2,0.0,3.1,18.0,0.0,0.1,0.0,445.0,0.0,0.5,7.0,RB,FantasySharks,https://www.fantasysharks.com/apps/bert/forecasts/projections.php?csv=1&Sort=&Position=2&scoring=18
125,15414,"Nwangwu, Kene",MIN,RB,11.1,24.0,0.0,0.0,0.0,0.0,0.0,0.0,0.0,0.1,0.1,4.1,0.0,3.4,26.0,0.0,0.1,0.1,1001.0,0.0,0.0,6.7,RB,FantasySharks,https://www.fantasysharks.com/apps/bert/forecasts/projections.php?csv=1&Sort=&Position=2&scoring=18
126,13838,"Bawden, Nick",NYJ,RB,2.1,6.0,0.4,0.4,0.0,0.0,0.0,0.0,0.0,0.0,0.0,3.1,0.0,3.1,20.0,0.0,0.1,0.0,0.0,0.0,0.4,6.5,RB,FantasySharks,https://www.fantasysharks.com/apps/bert/forecasts/projections.php?csv=1&Sort=&Position=2&scoring=18
127,13868,"Boone, Mike",CAR,RB,4.5,13.0,0.0,0.0,0.0,0.0,0.0,0.0,0.0,0.1,0.0,6.3,0.0,5.0,27.0,0.0,0.1,0.1,70.0,0.0,0.0,6.5,RB,FantasySharks,https://www.fantasysharks.com/apps/bert/forecasts/projections.php?csv=1&Sort=&Position=2&scoring=18
128,16605,"McClellan, Jase",ATL,RB,4.7,26.0,0.0,0.0,0.0,0.0,0.0,0.0,0.0,0.1,0.1,4.3,0.0,3.6,20.0,0.0,0.1,0.0,118.0,0.0,0.0,6.4,RB,FantasySharks,https://www.fantasysharks.com/apps/bert/forecasts/projections.php?csv=1&Sort=&Position=2&scoring=18
129,16773,"Jordan, Jawhar",HOU,RB,11.6,20.0,0.0,0.0,0.0,0.0,0.0,0.0,0.0,0.1,0.0,7.8,2.4,4.6,9.0,0.0,0.0,0.0,95.0,0.0,1.1,5.2,RB,FantasySharks,https://www.fantasysharks.com/apps/bert/forecasts/projections.php?csv=1&Sort=&Position=2&scoring=18
130,14821,"Hasty, JaMycal",NEP,RB,3.7,21.0,0.0,0.0,0.0,0.0,0.0,0.0,0.0,0.1,0.0,7.1,0.0,1.8,12.0,0.0,0.1,0.0,0.0,0.0,0.0,4.3,RB,FantasySharks,https://www.fantasysharks.com/apps/bert/forecasts/projections.php?csv=1&Sort=&Position=2&scoring=18
131,13455,"Ricard, Patrick",BAL,RB,4.8,6.0,0.0,0.0,0.0,0.0,0.0,0.0,0.0,0.0,0.0,3.2,0.0,3.2,21.0,0.0,0.1,0.0,0.0,0.0,0.5,4.2,RB,FantasySharks,https://www.fantasysharks.com/apps/bert/forecasts/projections.php?csv=1&Sort=&Position=2&scoring=18
132,15275,"Evans, Chris",CIN,RB,1.0,3.0,0.0,0.0,0.0,0.0,0.0,0.0,0.0,0.0,0.0,0.6,0.5,0.6,6.0,0.5,0.0,0.0,82.0,0.0,0.5,4.2,RB,FantasySharks,https://www.fantasysharks.com/apps/bert/forecasts/projections.php?csv=1&Sort=&Position=2&scoring=18
133,15650,"Prentice, Adam",NOS,RB,6.7,22.0,0.0,0.0,0.0,0.0,0.0,0.0,0.0,0.1,0.0,8.3,0.0,6.2,27.0,0.0,0.1,0.1,0.0,2.1,0.0,3.7,RB,FantasySharks,https://www.fantasysharks.com/apps/bert/forecasts/projections.php?csv=1&Sort=&Position=2&scoring=18
134,12325,"Burton, Michael",DEN,RB,6.8,10.0,0.0,0.0,0.0,0.0,0.0,0.0,0.0,0.0,0.0,2.2,0.0,2.2,5.0,0.0,0.0,0.0,0.0,0.0,0.0,3.1,RB,FantasySharks,https://www.fantasysharks.com/apps/bert/forecasts/projections.php?csv=1&Sort=&Position=2&scoring=18
135,12040,"Smith, Keith",ATL,RB,0.0,0.0,0.0,0.0,0.0,0.0,0.0,0.0,0.0,0.0,0.0,2.1,0.1,2.1,20.0,0.0,0.1,0.0,82.0,0.0,0.1,3.0,RB,FantasySharks,https://www.fantasysharks.com/apps/bert/forecasts/projections.php?csv=1&Sort=&Position=2&scoring=18
136,11886,"Williams, Damien",ARI,RB,4.6,17.0,0.0,0.0,0.0,0.0,0.0,0.0,0.0,0.1,0.0,0.4,0.0,0.4,3.0,0.0,0.0,0.0,0.0,0.0,0.0,2.2,RB,FantasySharks,https://www.fantasysharks.com/apps/bert/forecasts/projections.php?csv=1&Sort=&Position=2&scoring=18
137,16613,"Laube, Dylan",LVR,RB,4.5,14.0,0.0,0.0,0.0,0.0,0.0,0.0,0.0,0.1,0.0,0.9,0.0,0.0,0.0,0.0,0.0,0.0,40.0,0.0,0.0,1.4,RB,FantasySharks,https://www.fantasysharks.com/apps/bert/forecasts/projections.php?csv=1&Sort=&Position=2&scoring=18
138,15746,"Davis-Price, Tyrion",PHI,RB,4.1,14.0,0.0,0.0,0.0,0.0,0.0,0.0,0.0,0.1,0.0,0.0,0.0,0.0,0.0,0.0,0.0,0.0,0.0,0.0,0.0,1.4,RB,FantasySharks,https://www.fantasysharks.com/apps/bert/forecasts/projections.php?csv=1&Sort=&Position=2&scoring=18
139,15965,"Chestnut, Julius",TEN,RB,2.0,5.0,0.0,0.0,0.0,0.0,0.0,0.0,0.0,0.0,0.0,1.0,0.0,1.0,4.0,0.0,0.0,0.0,363.0,0.0,0.0,1.3,RB,FantasySharks,https://www.fantasysharks.com/apps/bert/forecasts/projections.php?csv=1&Sort=&Position=2&scoring=18
140,16025,"Hairston, Troy",HOU,RB,0.0,0.0,0.0,0.0,0.0,0.0,0.0,0.0,0.0,0.0,0.0,6.0,2.4,1.2,4.0,0.0,0.0,0.0,0.0,0.0,2.4,1.0,RB,FantasySharks,https://www.fantasysharks.com/apps/bert/forecasts/projections.php?csv=1&Sort=&Position=2&scoring=18
141,15103,"Gilliam, Reggie",BUF,RB,0.0,0.0,0.0,0.0,0.0,0.0,0.0,0.0,0.0,0.0,0.0,0.6,0.0,0.6,7.0,0.0,0.0,0.0,0.0,0.0,0.0,0.9,RB,FantasySharks,https://www.fantasysharks.com/apps/bert/forecasts/projections.php?csv=1&Sort=&Position=2&scoring=18
142,15042,"Ward, Jonathan",PIT,RB,0.9,-0.4,0.0,0.0,0.0,0.0,0.0,0.0,0.0,0.0,0.0,1.8,0.0,0.9,3.0,0.0,0.0,0.0,22.0,0.0,0.0,0.7,RB,FantasySharks,https://www.fantasysharks.com/apps/bert/forecasts/projections.php?csv=1&Sort=&Position=2&scoring=18
143,14801,"Benjamin, Eno",NOS,RB,6.2,6.0,0.0,0.0,0.0,0.0,0.0,0.0,0.0,0.0,0.0,0.0,0.0,0.0,0.0,0.0,0.0,0.0,10.0,0.0,0.0,0.6,RB,FantasySharks,https://www.fantasysharks.com/apps/bert/forecasts/projections.php?csv=1&Sort=&Position=2&scoring=18
144,13143,"McNichols, Jeremy",WAS,RB,1.3,4.0,0.0,0.0,0.0,0.0,0.0,0.0,0.0,0.0,0.0,0.0,0.0,0.0,0.0,0.0,0.0,0.0,0.0,0.0,0.0,0.4,RB,FantasySharks,https://www.fantasysharks.com/apps/bert/forecasts/projections.php?csv=1&Sort=&Position=2&scoring=18
145,16166,"Tucker, Sean",TBB,RB,5.2,3.0,0.0,0.0,0.0,0.0,0.0,0.0,0.0,0.0,0.0,0.1,0.0,0.1,0.0,0.0,0.0,0.0,0.0,0.0,0.0,0.3,RB,FantasySharks,https://www.fantasysharks.com/apps/bert/forecasts/projections.php?csv=1&Sort=&Position=2&scoring=18
146,14081,"Gaskin, Myles",MIN,RB,6.5,4.0,0.0,0.0,0.0,0.0,0.0,0.0,0.0,0.0,0.0,0.1,0.1,0.0,0.0,0.0,0.0,0.0,324.0,0.1,0.2,0.3,RB,FantasySharks,https://www.fantasysharks.com/apps/bert/forecasts/projections.php?csv=1&Sort=&Position=2&scoring=18
147,15729,"Corbin, Jashaun",NYG,RB,0.1,0.1,0.0,0.0,0.0,0.0,0.0,0.0,0.0,0.0,0.0,0.3,0.0,0.3,1.0,0.0,0.0,0.0,0.0,0.0,0.1,0.3,RB,FantasySharks,https://www.fantasysharks.com/apps/bert/forecasts/projections.php?csv=1&Sort=&Position=2&scoring=18
148,16163,"Evans, Zach",LAR,RB,3.2,1.0,0.0,0.0,0.0,0.0,0.0,0.0,0.0,0.0,0.0,0.0,0.0,0.0,0.0,0.0,0.0,0.0,0.0,0.0,0.0,0.1,RB,FantasySharks,https://www.fantasysharks.com/apps/bert/forecasts/projections.php?csv=1&Sort=&Position=2&scoring=18
149,16409,"Dotson, Elijah",LAC,RB,0.2,0.0,0.0,0.0,0.0,0.0,0.0,0.0,0.0,0.0,0.0,0.1,0.0,0.1,1.0,0.0,0.0,0.0,0.0,0.0,0.0,0.1,RB,FantasySharks,https://www.fantasysharks.com/apps/bert/forecasts/projections.php?csv=1&Sort=&Position=2&scoring=18
150,16752,"Davis, Isaiah",NYJ,RB,8.2,-2.7,0.0,0.0,0.0,0.0,0.0,0.0,0.0,0.0,0.0,0.3,0.0,0.3,2.0,0.0,0.0,0.0,0.0,0.0,0.0,0.1,RB,FantasySharks,https://www.fantasysharks.com/apps/bert/forecasts/projections.php?csv=1&Sort=&Position=2&scoring=18
151,14806,"Perine, Lamical",PIT,RB,0.1,0.0,0.0,0.0,0.0,0.0,0.0,0.0,0.0,0.0,0.0,0.1,0.0,0.1,0.0,0.0,0.0,0.0,13.0,0.0,0.0,0.1,RB,FantasySharks,https://www.fantasysharks.com/apps/bert/forecasts/projections.php?csv=1&Sort=&Position=2&scoring=18
152,12845,"Washington, Dwayne",DEN,RB,0.1,0.0,0.0,0.0,0.0,0.0,0.0,0.0,0.0,0.0,0.0,0.0,0.0,0.0,0.0,0.0,0.0,0.0,10.0,0.0,0.0,0.0,RB,FantasySharks,https://www.fantasysharks.com/apps/bert/forecasts/projections.php?csv=1&Sort=&Position=2&scoring=18
153,16608,"Holani, George",SEA,RB,0.1,0.0,0.0,0.0,0.0,0.0,0.0,0.0,0.0,0.0,0.0,0.0,0.0,0.0,0.0,0.0,0.0,0.0,71.0,0.0,0.0,0.0,RB,FantasySharks,https://www.fantasysharks.com/apps/bert/forecasts/projections.php?csv=1&Sort=&Position=2&scoring=18
154,14368,"Walter, Austin",LVR,RB,0.1,-0.6,0.0,0.0,0.0,0.0,0.0,0.0,0.0,0.0,0.0,0.0,0.0,0.0,0.0,0.0,0.0,0.0,0.0,0.0,0.0,-0.1,RB,FantasySharks,https://www.fantasysharks.com/apps/bert/forecasts/projections.php?csv=1&Sort=&Position=2&scoring=18
155,15953,"Brown, Brittain",LVR,RB,0.1,-0.6,0.0,0.0,0.0,0.0,0.0,0.0,0.0,0.0,0.0,0.0,0.0,0.0,0.0,0.0,0.0,0.0,0.0,0.0,0.0,-0.1,RB,FantasySharks,https://www.fantasysharks.com/apps/bert/forecasts/projections.php?csv=1&Sort=&Position=2&scoring=18
156,16380,"Prince, Deneric",KCC,RB,1.2,-1.2,0.0,0.0,0.0,0.0,0.0,0.0,0.0,0.0,0.0,0.0,0.0,0.0,0.0,0.0,0.0,0.0,20.0,0.0,0.0,-0.1,RB,FantasySharks,https://www.fantasysharks.com/apps/bert/forecasts/projections.php?csv=1&Sort=&Position=2&scoring=18
157,16748,"Robinson, Keilan",JAC,RB,2.5,-5.0,0.0,0.0,0.0,0.0,0.0,0.0,0.0,0.0,0.0,0.0,0.0,0.0,0.0,0.0,0.0,0.0,0.0,0.0,0.0,-0.5,RB,FantasySharks,https://www.fantasysharks.com/apps/bert/forecasts/projections.php?csv=1&Sort=&Position=2&scoring=18
