Rank,Player ID,Player Name,Team,Position,Tgt,RZTgt,Rec,Rec Yds,Rec TDs,0-9 RecTDs,10-19 RecTDs,20-29 RecTDs,30-39 RecTDs,40-49 RecTDs,50+ RecTDs,>= 50yds,>= 100yds,>= 150yds,>= 200yds,Rush Yds,Rush TDs,Kick Ret Yds,Fum Lost,Scoring Opps,Pts,pos,source,source_url
1,14832,"Lamb, CeeDee",DAL,WR,182.8,30.0,128.4,1652.0,11.5,3.5,3.6,1.6,1.0,0.9,0.9,15.1,11.1,1.1,0.4,97.0,1.5,0.0,1.6,27.0,315.2,WR,FantasySharks,https://www.fantasysharks.com/apps/bert/forecasts/projections.php?csv=1&Sort=&Position=4&scoring=18
2,12801,"Hill, Tyreek",MIA,WR,172.5,20.2,113.9,1642.0,9.8,3.2,0.0,1.0,0.8,1.5,3.3,15.1,11.1,1.1,0.4,19.0,0.5,0.0,0.7,22.1,283.4,WR,FantasySharks,https://www.fantasysharks.com/apps/bert/forecasts/projections.php?csv=1&Sort=&Position=4&scoring=18
3,14836,"Jefferson, Justin",MIN,WR,179.8,25.2,116.4,1699.0,7.5,2.1,1.3,2.1,1.2,0.0,0.8,15.3,10.6,1.1,0.4,5.0,0.5,0.0,0.6,26.4,276.6,WR,FantasySharks,https://www.fantasysharks.com/apps/bert/forecasts/projections.php?csv=1&Sort=&Position=4&scoring=18
4,15287,"St. Brown, Amon-Ra",DET,WR,174.7,27.6,120.4,1510.0,8.0,2.9,1.9,2.3,0.0,0.0,1.0,14.5,9.1,1.0,0.4,32.0,0.0,0.0,0.5,17.7,261.7,WR,FantasySharks,https://www.fantasysharks.com/apps/bert/forecasts/projections.php?csv=1&Sort=&Position=4&scoring=18
5,15281,"Chase, Ja'Marr",CIN,WR,163.3,23.4,104.9,1377.0,8.9,1.7,1.7,1.3,0.5,0.7,2.9,14.4,3.3,0.9,0.3,1.0,0.0,0.0,0.6,17.6,242.5,WR,FantasySharks,https://www.fantasysharks.com/apps/bert/forecasts/projections.php?csv=1&Sort=&Position=4&scoring=18
6,11675,"Adams, Davante",LVR,WR,179.4,26.2,100.5,1277.0,10.3,4.5,0.4,0.5,2.0,2.1,0.9,13.4,2.6,0.9,0.3,-0.4,0.0,0.0,0.0,19.9,240.0,WR,FantasySharks,https://www.fantasysharks.com/apps/bert/forecasts/projections.php?csv=1&Sort=&Position=4&scoring=18
7,16211,"Nacua, Puka",LAR,WR,163.3,19.5,98.4,1425.0,6.2,1.8,1.4,1.6,0.0,0.0,1.3,15.7,2.8,0.9,0.4,99.0,0.0,1.0,0.0,19.2,238.8,WR,FantasySharks,https://www.fantasysharks.com/apps/bert/forecasts/projections.php?csv=1&Sort=&Position=4&scoring=18
8,14104,"Brown, A.J.",PHI,WR,169.7,17.8,101.1,1443.0,8.3,1.9,1.7,2.0,0.7,1.0,1.0,15.4,2.9,1.0,0.4,0.0,0.0,0.0,3.0,18.4,238.5,WR,FantasySharks,https://www.fantasysharks.com/apps/bert/forecasts/projections.php?csv=1&Sort=&Position=4&scoring=18
9,12175,"Cooper, Amari",CLE,WR,149.7,18.0,80.5,1334.0,8.7,2.2,1.6,1.2,1.2,1.0,1.5,13.8,3.1,0.9,0.3,0.0,0.0,0.0,0.8,17.8,225.3,WR,FantasySharks,https://www.fantasysharks.com/apps/bert/forecasts/projections.php?csv=1&Sort=&Position=4&scoring=18
10,12186,"Diggs, Stefon",HOU,WR,145.5,13.9,98.1,1300.0,7.3,1.8,3.0,0.9,0.0,0.3,1.4,13.5,4.0,0.9,0.3,8.0,0.0,13.0,0.6,14.5,224.9,WR,FantasySharks,https://www.fantasysharks.com/apps/bert/forecasts/projections.php?csv=1&Sort=&Position=4&scoring=18
11,11671,"Evans, Mike",TBB,WR,151.1,18.8,81.1,1213.0,9.9,3.1,0.9,3.5,0.7,0.6,1.2,13.4,2.4,0.8,0.3,0.0,0.0,0.0,0.0,20.5,221.4,WR,FantasySharks,https://www.fantasysharks.com/apps/bert/forecasts/projections.php?csv=1&Sort=&Position=4&scoring=18
12,14136,"Samuel, Deebo",SFO,WR,125.3,19.4,76.9,1040.0,6.3,1.4,2.3,0.7,0.0,1.0,1.0,10.5,2.1,0.7,0.3,194.0,3.7,167.0,0.6,17.3,220.8,WR,FantasySharks,https://www.fantasysharks.com/apps/bert/forecasts/projections.php?csv=1&Sort=&Position=4&scoring=18
13,14102,"Metcalf, DK",SEA,WR,159.0,27.5,85.7,1274.0,8.0,3.9,2.0,0.2,0.9,0.0,1.0,14.6,2.5,0.8,0.3,0.0,0.0,0.0,0.5,15.4,217.6,WR,FantasySharks,https://www.fantasysharks.com/apps/bert/forecasts/projections.php?csv=1&Sort=&Position=4&scoring=18
14,15290,"Collins, Nico",HOU,WR,138.0,27.7,87.9,1255.0,7.4,3.9,2.5,0.0,0.0,0.0,1.1,15.1,2.5,0.8,0.3,11.0,0.0,0.0,0.0,17.3,216.7,WR,FantasySharks,https://www.fantasysharks.com/apps/bert/forecasts/projections.php?csv=1&Sort=&Position=4&scoring=18
15,13164,"Kupp, Cooper",LAR,WR,149.4,25.0,97.0,1133.0,8.1,3.7,2.1,0.0,0.0,0.0,2.3,13.3,2.3,0.8,0.3,34.0,0.2,4.0,0.0,19.7,216.7,WR,FantasySharks,https://www.fantasysharks.com/apps/bert/forecasts/projections.php?csv=1&Sort=&Position=4&scoring=18
16,16614,"Harrison Jr., Marvin",ARI,WR,155.2,10.3,102.2,1199.0,7.0,3.0,0.5,1.4,1.5,0.0,0.5,14.1,2.4,0.8,0.3,20.0,0.0,110.0,0.5,9.8,216.0,WR,FantasySharks,https://www.fantasysharks.com/apps/bert/forecasts/projections.php?csv=1&Sort=&Position=4&scoring=18
17,14840,"Aiyuk, Brandon",SFO,WR,123.3,13.4,78.3,1330.0,6.9,2.9,2.0,1.1,0.0,0.0,0.8,14.8,2.7,0.9,0.3,22.0,0.2,14.0,1.2,12.0,214.4,WR,FantasySharks,https://www.fantasysharks.com/apps/bert/forecasts/projections.php?csv=1&Sort=&Position=4&scoring=18
18,13635,"Moore, D.J.",CHI,WR,134.1,13.3,93.9,1266.0,6.0,2.1,0.2,1.3,2.2,0.0,0.2,13.6,3.5,0.8,0.3,23.0,1.1,0.0,2.2,13.4,213.9,WR,FantasySharks,https://www.fantasysharks.com/apps/bert/forecasts/projections.php?csv=1&Sort=&Position=4&scoring=18
19,15282,"Smith, DeVonta",PHI,WR,134.2,11.0,93.6,1233.0,7.2,2.0,1.5,0.7,2.1,0.5,0.5,13.7,2.5,0.8,0.3,0.0,0.0,0.0,1.3,11.3,211.1,WR,FantasySharks,https://www.fantasysharks.com/apps/bert/forecasts/projections.php?csv=1&Sort=&Position=4&scoring=18
20,15789,"Watson, Christian",GBP,WR,98.2,21.7,61.2,850.0,13.4,4.1,6.7,0.8,1.0,0.0,0.8,10.7,1.7,0.6,0.2,60.0,1.3,0.0,0.0,23.4,209.8,WR,FantasySharks,https://www.fantasysharks.com/apps/bert/forecasts/projections.php?csv=1&Sort=&Position=4&scoring=18
21,11222,"Allen, Keenan",CHI,WR,143.0,14.0,97.8,1187.0,6.3,2.6,1.2,0.9,1.5,0.0,0.0,11.5,5.7,0.8,0.3,12.0,0.6,0.0,0.7,15.3,208.6,WR,FantasySharks,https://www.fantasysharks.com/apps/bert/forecasts/projections.php?csv=1&Sort=&Position=4&scoring=18
22,15753,"Wilson, Garrett",NYJ,WR,224.1,25.0,116.3,1357.0,2.9,2.0,0.0,0.0,0.0,0.0,0.9,16.5,2.7,0.9,0.3,-3.3,0.0,0.0,1.6,13.9,207.5,WR,FantasySharks,https://www.fantasysharks.com/apps/bert/forecasts/projections.php?csv=1&Sort=&Position=4&scoring=18
23,15762,"Pickens, George",PIT,WR,100.3,6.7,60.6,1212.0,8.7,1.5,0.0,1.7,0.8,0.9,3.8,12.1,5.3,0.8,0.3,14.0,0.0,0.0,0.0,12.6,205.1,WR,FantasySharks,https://www.fantasysharks.com/apps/bert/forecasts/projections.php?csv=1&Sort=&Position=4&scoring=18
24,16190,"Flowers, Zay",BAL,WR,123.8,15.4,83.9,1106.0,6.8,1.9,0.7,1.2,1.5,0.2,1.3,13.7,2.2,0.7,0.3,51.0,0.6,0.0,1.6,14.2,201.5,WR,FantasySharks,https://www.fantasysharks.com/apps/bert/forecasts/projections.php?csv=1&Sort=&Position=4&scoring=18
25,15284,"Waddle, Jaylen",MIA,WR,123.3,8.4,78.2,1255.0,5.5,1.9,0.5,0.2,0.7,0.0,2.2,14.3,2.5,0.8,0.3,14.0,0.0,0.0,0.6,10.3,197.6,WR,FantasySharks,https://www.fantasysharks.com/apps/bert/forecasts/projections.php?csv=1&Sort=&Position=4&scoring=18
26,14842,"Pittman, Michael",IND,WR,170.1,17.9,114.5,1133.0,3.6,1.9,0.6,0.0,0.5,0.0,0.6,13.9,2.3,0.8,0.3,10.0,0.0,5.0,0.5,12.2,194.6,WR,FantasySharks,https://www.fantasysharks.com/apps/bert/forecasts/projections.php?csv=1&Sort=&Position=4&scoring=18
27,16615,"Nabers, Malik",NYG,WR,103.0,11.1,72.0,985.0,8.8,3.1,1.9,0.4,0.4,0.7,2.3,12.4,2.0,0.7,0.2,20.0,0.0,0.0,0.0,12.0,189.4,WR,FantasySharks,https://www.fantasysharks.com/apps/bert/forecasts/projections.php?csv=1&Sort=&Position=4&scoring=18
28,14835,"Higgins, Tee",CIN,WR,123.6,16.3,72.6,1078.0,6.9,1.5,1.5,2.1,0.0,0.8,1.0,13.3,2.2,0.7,0.3,10.0,0.0,0.0,0.0,15.6,187.6,WR,FantasySharks,https://www.fantasysharks.com/apps/bert/forecasts/projections.php?csv=1&Sort=&Position=4&scoring=18
29,16186,"Addison, Jordan",MIN,WR,121.1,15.7,74.9,933.0,8.9,2.4,0.9,1.4,1.7,1.5,1.0,9.0,1.9,0.6,0.2,4.0,0.0,0.0,0.0,13.5,185.2,WR,FantasySharks,https://www.fantasysharks.com/apps/bert/forecasts/projections.php?csv=1&Sort=&Position=4&scoring=18
30,13163,"Godwin, Chris",TBB,WR,151.4,15.2,97.2,1119.0,2.7,1.6,0.2,0.0,0.0,1.0,0.0,13.0,2.2,0.7,0.3,30.0,0.8,0.0,1.0,14.4,184.8,WR,FantasySharks,https://www.fantasysharks.com/apps/bert/forecasts/projections.php?csv=1&Sort=&Position=4&scoring=18
31,14208,"Johnson, Diontae",CAR,WR,124.4,14.8,80.6,1016.0,7.2,3.8,1.4,0.8,0.0,0.0,1.2,12.6,2.0,0.7,0.3,2.0,0.0,0.0,0.9,14.5,184.1,WR,FantasySharks,https://www.fantasysharks.com/apps/bert/forecasts/projections.php?csv=1&Sort=&Position=4&scoring=18
32,14127,"Meyers, Jakobi",LVR,WR,121.1,16.1,73.7,866.0,7.2,2.5,1.7,1.1,1.5,0.3,0.0,6.7,1.7,0.6,0.2,33.0,2.2,0.0,0.3,14.2,183.1,WR,FantasySharks,https://www.fantasysharks.com/apps/bert/forecasts/projections.php?csv=1&Sort=&Position=4&scoring=18
33,16617,"Coleman, Keon",BUF,WR,102.6,13.3,66.5,1022.0,7.5,2.8,1.8,0.7,0.0,0.3,1.8,10.6,3.5,0.7,0.3,10.0,0.0,18.0,0.7,13.0,181.9,WR,FantasySharks,https://www.fantasysharks.com/apps/bert/forecasts/projections.php?csv=1&Sort=&Position=4&scoring=18
34,13633,"Kirk, Christian",JAC,WR,127.1,17.6,77.1,1072.0,6.3,1.3,1.3,1.7,0.2,0.6,1.3,12.8,2.1,0.7,0.3,7.0,0.0,51.0,1.4,14.3,181.4,WR,FantasySharks,https://www.fantasysharks.com/apps/bert/forecasts/projections.php?csv=1&Sort=&Position=4&scoring=18
35,14109,"McLaurin, Terry",WAS,WR,134.1,12.7,79.5,1082.0,4.3,1.3,0.9,1.1,0.9,0.0,0.0,12.8,2.2,0.7,0.3,10.0,0.0,0.0,0.0,8.3,174.6,WR,FantasySharks,https://www.fantasysharks.com/apps/bert/forecasts/projections.php?csv=1&Sort=&Position=4&scoring=18
36,11232,"Hopkins, DeAndre",TEN,WR,145.5,15.7,78.5,1000.0,5.9,3.5,0.3,0.2,0.4,1.1,0.3,12.2,2.0,0.7,0.2,7.0,0.0,0.0,0.4,14.0,174.4,WR,FantasySharks,https://www.fantasysharks.com/apps/bert/forecasts/projections.php?csv=1&Sort=&Position=4&scoring=18
37,13629,"Ridley, Calvin",TEN,WR,140.0,22.4,68.3,989.0,4.8,1.6,1.0,0.0,1.1,0.0,1.2,7.1,2.0,0.7,0.2,19.0,0.0,17.0,0.0,16.9,166.5,WR,FantasySharks,https://www.fantasysharks.com/apps/bert/forecasts/projections.php?csv=1&Sort=&Position=4&scoring=18
38,16184,"Reed, Jayden",GBP,WR,97.3,14.4,63.6,768.0,6.2,1.3,2.6,0.8,1.6,0.0,0.0,5.1,1.5,0.5,0.2,74.0,1.9,10.0,0.0,12.6,165.6,WR,FantasySharks,https://www.fantasysharks.com/apps/bert/forecasts/projections.php?csv=1&Sort=&Position=4&scoring=18
39,15756,"Williams, Jameson",DET,WR,97.2,15.9,56.3,850.0,4.7,1.5,0.0,0.0,1.2,2.0,0.0,3.4,1.7,0.6,0.2,49.0,2.5,0.0,0.3,13.0,161.0,WR,FantasySharks,https://www.fantasysharks.com/apps/bert/forecasts/projections.php?csv=1&Sort=&Position=4&scoring=18
40,11938,"Thielen, Adam",CAR,WR,140.8,15.3,97.0,928.0,2.8,2.7,0.2,0.0,0.0,0.0,0.0,6.0,1.9,0.6,0.2,5.0,0.0,0.0,0.0,12.5,160.7,WR,FantasySharks,https://www.fantasysharks.com/apps/bert/forecasts/projections.php?csv=1&Sort=&Position=4&scoring=18
41,14105,"Brown, Marquise",KCC,WR,116.7,16.0,69.3,855.0,6.4,5.0,0.3,0.6,0.0,0.3,0.0,7.4,1.7,0.6,0.2,-0.1,0.0,0.0,0.8,12.1,157.0,WR,FantasySharks,https://www.fantasysharks.com/apps/bert/forecasts/projections.php?csv=1&Sort=&Position=4&scoring=18
42,15319,"Palmer, Josh",LAC,WR,116.4,12.5,73.1,969.0,2.9,0.1,0.5,0.0,0.6,0.2,1.4,12.4,1.9,0.6,0.2,12.0,0.0,0.0,0.7,8.6,152.2,WR,FantasySharks,https://www.fantasysharks.com/apps/bert/forecasts/projections.php?csv=1&Sort=&Position=4&scoring=18
43,11674,"Cooks, Brandin",DAL,WR,93.1,14.8,57.1,661.0,8.5,5.7,1.2,0.7,0.9,0.0,0.0,2.6,1.3,0.4,0.2,30.0,0.0,0.0,0.0,14.9,150.5,WR,FantasySharks,https://www.fantasysharks.com/apps/bert/forecasts/projections.php?csv=1&Sort=&Position=4&scoring=18
44,13630,"Sutton, Courtland",DEN,WR,103.6,15.4,59.8,800.0,7.2,2.1,2.6,0.5,0.0,1.5,0.6,6.1,1.6,0.5,0.2,0.0,0.0,0.0,1.6,12.3,150.0,WR,FantasySharks,https://www.fantasysharks.com/apps/bert/forecasts/projections.php?csv=1&Sort=&Position=4&scoring=18
45,16204,"Dell, Tank",HOU,WR,108.4,13.6,58.1,755.0,6.3,2.5,0.5,1.3,0.0,1.2,0.8,3.0,1.5,0.5,0.2,62.0,0.0,24.0,0.0,13.0,148.5,WR,FantasySharks,https://www.fantasysharks.com/apps/bert/forecasts/projections.php?csv=1&Sort=&Position=4&scoring=18
46,15779,"Doubs, Romeo",GBP,WR,100.5,17.6,61.1,722.0,7.2,4.6,1.7,0.9,0.0,0.0,0.0,2.9,1.4,0.5,0.2,0.0,0.0,21.0,0.0,11.3,146.2,WR,FantasySharks,https://www.fantasysharks.com/apps/bert/forecasts/projections.php?csv=1&Sort=&Position=4&scoring=18
47,16194,"Rice, Rashee",KCC,WR,102.2,19.2,77.4,800.0,4.3,3.3,0.8,0.0,0.2,0.0,0.0,4.2,1.6,0.5,0.2,10.0,0.0,17.0,0.8,12.8,143.8,WR,FantasySharks,https://www.fantasysharks.com/apps/bert/forecasts/projections.php?csv=1&Sort=&Position=4&scoring=18
48,11679,"Beckham, Odell",MIA,WR,98.8,15.2,59.3,829.0,5.3,1.8,0.3,0.3,0.3,1.7,0.9,6.3,1.7,0.6,0.2,5.0,0.0,28.0,1.3,14.8,142.5,WR,FantasySharks,https://www.fantasysharks.com/apps/bert/forecasts/projections.php?csv=1&Sort=&Position=4&scoring=18
49,15754,"Olave, Chris",NOS,WR,101.8,9.3,63.4,844.0,4.2,2.0,0.6,1.2,0.0,0.0,0.4,7.9,1.7,0.6,0.2,0.0,0.0,6.0,0.7,7.9,140.8,WR,FantasySharks,https://www.fantasysharks.com/apps/bert/forecasts/projections.php?csv=1&Sort=&Position=4&scoring=18
50,16185,"Smith-Njigba, Jaxon",SEA,WR,107.7,12.0,65.7,733.0,5.0,1.2,1.6,1.2,1.0,0.0,0.0,2.9,1.5,0.5,0.2,0.0,0.0,0.0,0.0,11.5,136.9,WR,FantasySharks,https://www.fantasysharks.com/apps/bert/forecasts/projections.php?csv=1&Sort=&Position=4&scoring=18
51,15751,"London, Drake",ATL,WR,115.8,16.9,67.9,865.0,2.3,1.4,0.9,0.0,0.0,0.0,0.0,8.0,1.7,0.6,0.2,0.0,0.0,0.0,1.4,12.3,132.3,WR,FantasySharks,https://www.fantasysharks.com/apps/bert/forecasts/projections.php?csv=1&Sort=&Position=4&scoring=18
52,12187,"Lockett, Tyler",SEA,WR,117.7,9.7,68.6,763.0,3.2,1.1,0.9,0.5,0.6,0.0,0.0,4.1,1.5,0.5,0.2,0.0,0.0,0.0,0.0,7.6,132.1,WR,FantasySharks,https://www.fantasysharks.com/apps/bert/forecasts/projections.php?csv=1&Sort=&Position=4&scoring=18
53,16080,"Shaheed, Rashid",NOS,WR,91.2,8.1,58.7,734.0,4.1,0.0,0.8,0.0,1.9,1.3,0.1,2.9,1.5,0.5,0.2,29.0,0.0,324.0,0.0,8.5,130.4,WR,FantasySharks,https://www.fantasysharks.com/apps/bert/forecasts/projections.php?csv=1&Sort=&Position=4&scoring=18
54,16342,"Douglas, Demario",NEP,WR,115.9,10.1,69.8,822.0,1.5,0.9,0.6,0.0,0.0,0.0,0.0,4.4,1.6,0.5,0.2,43.0,0.0,0.0,0.4,6.0,130.3,WR,FantasySharks,https://www.fantasysharks.com/apps/bert/forecasts/projections.php?csv=1&Sort=&Position=4&scoring=18
55,16188,"Johnston, Quentin",LAC,WR,86.8,10.0,61.2,750.0,3.9,1.1,1.2,0.1,0.7,0.0,0.8,7.3,3.8,0.5,0.2,6.0,0.0,5.0,0.5,7.7,128.4,WR,FantasySharks,https://www.fantasysharks.com/apps/bert/forecasts/projections.php?csv=1&Sort=&Position=4&scoring=18
56,16618,"Thomas Jr., Brian",JAC,WR,114.2,14.7,67.5,797.0,2.2,0.4,1.3,0.0,0.4,0.0,0.0,5.2,1.6,0.5,0.2,11.0,0.0,0.0,0.8,9.3,126.2,WR,FantasySharks,https://www.fantasysharks.com/apps/bert/forecasts/projections.php?csv=1&Sort=&Position=4&scoring=18
57,15761,"Shakir, Khalil",BUF,WR,57.2,4.2,44.5,680.0,5.0,0.4,2.8,0.0,0.4,0.4,1.0,2.7,1.4,0.5,0.2,9.0,0.0,98.0,0.0,7.0,122.9,WR,FantasySharks,https://www.fantasysharks.com/apps/bert/forecasts/projections.php?csv=1&Sort=&Position=4&scoring=18
58,15757,"Robinson, Wan'Dale",NYG,WR,91.8,3.0,67.6,654.0,0.9,0.9,0.0,0.0,0.0,0.0,0.0,2.6,1.3,0.4,0.2,64.0,0.8,0.0,0.1,5.8,115.8,WR,FantasySharks,https://www.fantasysharks.com/apps/bert/forecasts/projections.php?csv=1&Sort=&Position=4&scoring=18
59,16189,"Mims, Marvin",DEN,WR,74.5,9.4,49.0,729.0,2.5,1.9,0.0,0.3,0.0,0.0,0.3,2.9,1.5,0.5,0.2,21.0,0.0,139.0,0.0,5.7,114.7,WR,FantasySharks,https://www.fantasysharks.com/apps/bert/forecasts/projections.php?csv=1&Sort=&Position=4&scoring=18
60,15755,"Dotson, Jahan",WAS,WR,87.1,11.8,49.4,591.0,4.3,1.3,1.1,1.1,0.7,0.0,0.0,2.4,1.2,0.4,0.1,13.0,0.0,0.0,0.0,9.9,110.6,WR,FantasySharks,https://www.fantasysharks.com/apps/bert/forecasts/projections.php?csv=1&Sort=&Position=4&scoring=18
61,16187,"Downs, Josh",IND,WR,102.3,10.9,66.0,700.0,1.1,1.0,0.0,0.0,0.0,0.0,0.1,2.8,1.4,0.5,0.2,2.0,0.0,32.0,0.0,8.3,110.0,WR,FantasySharks,https://www.fantasysharks.com/apps/bert/forecasts/projections.php?csv=1&Sort=&Position=4&scoring=18
62,16206,"Wilson, Michael",ARI,WR,80.3,9.2,48.0,594.0,2.6,1.7,0.2,0.0,0.0,0.8,0.0,2.4,1.2,0.4,0.1,72.0,0.3,0.0,0.0,5.5,109.0,WR,FantasySharks,https://www.fantasysharks.com/apps/bert/forecasts/projections.php?csv=1&Sort=&Position=4&scoring=18
63,14833,"Jeudy, Jerry",CLE,WR,102.0,12.6,56.2,700.0,1.8,0.0,1.0,0.3,0.0,0.6,0.0,2.8,1.4,0.5,0.2,4.0,0.0,0.0,0.8,8.8,107.9,WR,FantasySharks,https://www.fantasysharks.com/apps/bert/forecasts/projections.php?csv=1&Sort=&Position=4&scoring=18
64,12785,"Robinson, Demarcus",LAR,WR,79.8,14.7,42.5,501.0,4.9,4.2,0.0,0.7,0.0,0.0,0.0,2.0,1.0,0.3,0.1,26.0,0.0,5.0,1.2,10.6,104.7,WR,FantasySharks,https://www.fantasysharks.com/apps/bert/forecasts/projections.php?csv=1&Sort=&Position=4&scoring=18
65,16620,"Worthy, Xavier",KCC,WR,77.7,7.8,48.0,606.0,2.8,2.4,0.4,0.0,0.0,0.0,0.0,2.4,1.2,0.4,0.2,15.0,0.0,0.0,0.0,7.1,103.1,WR,FantasySharks,https://www.fantasysharks.com/apps/bert/forecasts/projections.php?csv=1&Sort=&Position=4&scoring=18
66,16195,"Wicks, Dontayvion",GBP,WR,67.6,8.1,41.2,612.0,3.8,0.0,1.8,1.2,0.7,0.0,0.0,2.4,1.2,0.4,0.2,1.0,0.0,0.0,0.8,4.6,103.0,WR,FantasySharks,https://www.fantasysharks.com/apps/bert/forecasts/projections.php?csv=1&Sort=&Position=4&scoring=18
67,13157,"Samuel, Curtis",BUF,WR,79.9,10.2,50.4,543.0,2.8,2.3,0.5,0.0,0.0,0.0,0.0,2.2,1.1,0.4,0.1,28.0,0.7,9.0,0.3,9.1,102.5,WR,FantasySharks,https://www.fantasysharks.com/apps/bert/forecasts/projections.php?csv=1&Sort=&Position=4&scoring=18
68,14122,"Slayton, Darius",NYG,WR,75.6,7.1,45.0,587.0,3.3,0.6,1.2,0.0,0.0,0.6,0.8,2.3,1.2,0.4,0.1,0.0,0.0,0.0,0.0,4.6,100.7,WR,FantasySharks,https://www.fantasysharks.com/apps/bert/forecasts/projections.php?csv=1&Sort=&Position=4&scoring=18
69,16629,"Wilson, Roman",PIT,WR,100.3,9.5,53.9,630.0,0.5,0.0,0.0,0.5,0.0,0.0,0.0,2.5,1.3,0.4,0.2,27.0,0.0,5.0,0.0,6.0,96.7,WR,FantasySharks,https://www.fantasysharks.com/apps/bert/forecasts/projections.php?csv=1&Sort=&Position=4&scoring=18
70,15752,"Burks, Treylon",TEN,WR,117.3,3.5,51.2,615.0,0.0,0.0,0.0,0.0,0.0,0.0,0.0,2.3,1.2,0.4,0.1,82.0,0.0,10.0,0.0,3.5,95.3,WR,FantasySharks,https://www.fantasysharks.com/apps/bert/forecasts/projections.php?csv=1&Sort=&Position=4&scoring=18
71,14845,"Davis, Gabriel",JAC,WR,76.2,10.8,38.5,530.0,3.9,1.5,1.1,0.0,0.5,0.0,0.8,2.1,1.1,0.4,0.1,2.0,0.0,59.0,1.0,8.9,95.3,WR,FantasySharks,https://www.fantasysharks.com/apps/bert/forecasts/projections.php?csv=1&Sort=&Position=4&scoring=18
72,13418,"Bourne, Kendrick",NEP,WR,70.5,6.0,45.4,522.0,3.1,1.4,1.1,0.6,0.0,0.0,0.0,2.1,1.0,0.3,0.1,18.0,0.0,0.0,1.0,5.0,93.4,WR,FantasySharks,https://www.fantasysharks.com/apps/bert/forecasts/projections.php?csv=1&Sort=&Position=4&scoring=18
73,16196,"Perry, A.T.",NOS,WR,57.4,10.7,32.4,473.0,4.6,1.2,1.9,0.0,1.6,0.0,0.0,1.9,0.9,0.3,0.1,15.0,0.0,71.0,0.0,10.2,92.9,WR,FantasySharks,https://www.fantasysharks.com/apps/bert/forecasts/projections.php?csv=1&Sort=&Position=4&scoring=18
74,16616,"Odunze, Rome",CHI,WR,80.3,6.6,36.6,674.0,0.0,0.0,0.0,0.0,0.0,0.0,0.0,1.5,0.8,0.3,0.1,51.0,0.0,256.0,0.1,4.8,90.7,WR,FantasySharks,https://www.fantasysharks.com/apps/bert/forecasts/projections.php?csv=1&Sort=&Position=4&scoring=18
75,15293,"Bateman, Rashod",BAL,WR,75.4,5.4,43.2,516.0,2.7,0.8,1.4,0.0,0.0,0.5,0.0,2.1,1.0,0.3,0.1,12.0,0.0,42.0,0.0,4.5,90.7,WR,FantasySharks,https://www.fantasysharks.com/apps/bert/forecasts/projections.php?csv=1&Sort=&Position=4&scoring=18
76,16639,"Legette, Xavier",CAR,WR,75.1,5.3,49.4,571.0,0.8,0.0,0.8,0.0,0.0,0.0,0.0,2.3,1.1,0.4,0.1,9.0,0.0,0.0,0.0,4.2,87.5,WR,FantasySharks,https://www.fantasysharks.com/apps/bert/forecasts/projections.php?csv=1&Sort=&Position=4&scoring=18
77,14551,"Irwin, Trenton",CIN,WR,69.4,13.5,41.8,522.0,2.3,0.8,0.0,0.4,1.1,0.0,0.0,2.1,1.0,0.3,0.1,1.0,0.0,9.0,0.0,12.0,86.9,WR,FantasySharks,https://www.fantasysharks.com/apps/bert/forecasts/projections.php?csv=1&Sort=&Position=4&scoring=18
78,15288,"Moore, Elijah",CLE,WR,96.6,10.1,50.8,558.0,0.9,0.2,0.8,0.0,0.0,0.0,0.0,2.2,1.1,0.4,0.1,29.0,0.0,15.0,1.6,3.4,86.5,WR,FantasySharks,https://www.fantasysharks.com/apps/bert/forecasts/projections.php?csv=1&Sort=&Position=4&scoring=18
79,12650,"Boyd, Tyler",TEN,WR,78.4,5.6,49.9,514.0,1.3,1.3,0.0,0.0,0.0,0.0,0.0,2.1,1.0,0.3,0.1,9.0,0.0,39.0,0.0,3.9,85.0,WR,FantasySharks,https://www.fantasysharks.com/apps/bert/forecasts/projections.php?csv=1&Sort=&Position=4&scoring=18
80,13066,"Raymond, Kalif",DET,WR,53.9,6.7,36.6,545.0,1.5,0.5,0.3,0.0,0.7,0.0,0.0,2.2,1.1,0.4,0.1,32.0,0.0,0.0,0.2,4.8,84.7,WR,FantasySharks,https://www.fantasysharks.com/apps/bert/forecasts/projections.php?csv=1&Sort=&Position=4&scoring=18
81,15301,"Atwell, Tutu",LAR,WR,67.1,6.9,34.7,413.0,2.7,1.6,0.0,0.3,0.8,0.0,0.0,1.7,0.8,0.3,0.1,33.0,0.8,2.0,0.0,6.9,84.3,WR,FantasySharks,https://www.fantasysharks.com/apps/bert/forecasts/projections.php?csv=1&Sort=&Position=4&scoring=18
82,12181,"Agholor, Nelson",BAL,WR,59.7,8.9,38.5,479.0,2.5,0.6,1.2,0.0,0.7,0.0,0.0,1.9,1.0,0.3,0.1,2.0,0.0,0.0,0.0,4.7,82.4,WR,FantasySharks,https://www.fantasysharks.com/apps/bert/forecasts/projections.php?csv=1&Sort=&Position=4&scoring=18
83,14857,"Peoples-Jones, Donovan",DET,WR,53.0,10.9,34.1,522.0,1.2,0.0,0.5,0.0,0.5,0.2,0.0,2.1,1.0,0.3,0.1,20.0,0.6,0.0,0.4,5.2,81.0,WR,FantasySharks,https://www.fantasysharks.com/apps/bert/forecasts/projections.php?csv=1&Sort=&Position=4&scoring=18
84,16199,"Palmer, Trey",TBB,WR,84.7,6.8,44.7,432.0,2.4,1.5,0.0,0.8,0.0,0.0,0.0,1.7,0.9,0.3,0.1,24.0,0.0,6.0,0.8,5.5,80.5,WR,FantasySharks,https://www.fantasysharks.com/apps/bert/forecasts/projections.php?csv=1&Sort=&Position=4&scoring=18
85,15768,"Pierce, Alec",IND,WR,70.8,7.7,34.4,515.0,2.0,0.3,0.0,0.0,0.8,0.0,0.8,2.1,1.0,0.3,0.1,0.0,0.0,0.0,0.0,6.3,80.5,WR,FantasySharks,https://www.fantasysharks.com/apps/bert/forecasts/projections.php?csv=1&Sort=&Position=4&scoring=18
86,13168,"Reynolds, Josh",DEN,WR,62.2,11.1,35.9,485.0,2.3,1.7,0.6,0.0,0.0,0.0,0.0,1.9,1.0,0.3,0.1,5.0,0.0,110.0,0.7,6.4,79.4,WR,FantasySharks,https://www.fantasysharks.com/apps/bert/forecasts/projections.php?csv=1&Sort=&Position=4&scoring=18
87,14108,"Dortch, Greg",ARI,WR,82.4,7.5,42.5,423.0,1.7,0.8,0.0,0.0,0.8,0.0,0.0,1.7,0.8,0.3,0.1,53.0,0.0,225.0,0.0,4.5,78.9,WR,FantasySharks,https://www.fantasysharks.com/apps/bert/forecasts/projections.php?csv=1&Sort=&Position=4&scoring=18
88,15788,"Tolbert, Jalen",DAL,WR,58.0,5.3,32.1,436.0,2.7,2.7,0.0,0.0,0.0,0.0,0.0,1.7,0.9,0.3,0.1,0.0,0.0,0.0,0.0,6.0,75.9,WR,FantasySharks,https://www.fantasysharks.com/apps/bert/forecasts/projections.php?csv=1&Sort=&Position=4&scoring=18
89,16287,"Tucker, Tre",LVR,WR,62.3,6.6,35.6,491.0,0.3,0.0,0.0,0.2,0.2,0.0,0.0,2.0,1.0,0.3,0.1,57.0,0.0,0.0,0.9,4.4,72.8,WR,FantasySharks,https://www.fantasysharks.com/apps/bert/forecasts/projections.php?csv=1&Sort=&Position=4&scoring=18
90,16627,"McConkey, Ladd",LAC,WR,63.3,9.8,36.0,365.0,2.1,1.2,0.9,0.0,0.0,0.0,0.0,1.5,0.7,0.2,0.1,49.0,0.0,158.0,0.0,5.6,71.7,WR,FantasySharks,https://www.fantasysharks.com/apps/bert/forecasts/projections.php?csv=1&Sort=&Position=4&scoring=18
91,13172,"Brown, Noah",HOU,WR,71.0,10.6,33.3,486.0,0.9,0.8,0.0,0.0,0.0,0.0,0.2,1.9,1.0,0.3,0.1,2.0,0.0,0.0,0.0,10.7,71.1,WR,FantasySharks,https://www.fantasysharks.com/apps/bert/forecasts/projections.php?csv=1&Sort=&Position=4&scoring=18
92,16197,"Mingo, Jonathan",CAR,WR,106.7,3.2,50.3,454.0,0.0,0.0,0.0,0.0,0.0,0.0,0.0,1.8,0.9,0.3,0.1,2.0,0.0,8.0,0.0,2.0,70.8,WR,FantasySharks,https://www.fantasysharks.com/apps/bert/forecasts/projections.php?csv=1&Sort=&Position=4&scoring=18
93,13776,"Watson, Justin",KCC,WR,53.8,4.4,28.5,471.0,1.5,1.5,0.0,0.0,0.0,0.0,0.0,1.9,0.9,0.3,0.1,0.0,0.0,23.0,0.8,5.1,68.8,WR,FantasySharks,https://www.fantasysharks.com/apps/bert/forecasts/projections.php?csv=1&Sort=&Position=4&scoring=18
94,13910,"Powell, Brandon",MIN,WR,60.0,9.1,34.2,392.0,1.7,1.1,0.3,0.0,0.3,0.0,0.0,1.6,0.8,0.3,0.1,16.0,0.0,0.0,0.0,8.1,68.1,WR,FantasySharks,https://www.fantasysharks.com/apps/bert/forecasts/projections.php?csv=1&Sort=&Position=4&scoring=18
95,16635,"McCaffrey, Luke",WAS,WR,70.1,8.1,36.3,372.0,1.3,0.4,0.5,0.5,0.0,0.0,0.0,1.5,0.7,0.2,0.1,16.0,0.0,59.0,0.0,4.4,65.0,WR,FantasySharks,https://www.fantasysharks.com/apps/bert/forecasts/projections.php?csv=1&Sort=&Position=4&scoring=18
96,15109,"Westbrook-Ikhine, Nick",TEN,WR,45.5,4.5,25.3,392.0,1.8,0.8,0.2,0.0,0.8,0.0,0.0,1.6,0.8,0.3,0.1,7.0,0.0,21.0,0.0,4.2,64.9,WR,FantasySharks,https://www.fantasysharks.com/apps/bert/forecasts/projections.php?csv=1&Sort=&Position=4&scoring=18
97,13668,"Chark, D.J.",LAC,WR,65.2,5.0,29.4,383.0,2.0,0.6,0.8,0.0,0.0,0.6,0.0,1.5,0.8,0.3,0.1,14.0,0.0,11.0,1.0,5.7,64.4,WR,FantasySharks,https://www.fantasysharks.com/apps/bert/forecasts/projections.php?csv=1&Sort=&Position=4&scoring=18
98,14977,"Osborn, K.J.",NEP,WR,56.0,5.9,35.0,365.0,1.7,0.3,0.7,0.0,0.7,0.0,0.0,1.5,0.7,0.2,0.1,0.0,0.0,0.0,0.0,4.0,64.1,WR,FantasySharks,https://www.fantasysharks.com/apps/bert/forecasts/projections.php?csv=1&Sort=&Position=4&scoring=18
99,15289,"Toney, Kadarius",KCC,WR,50.5,7.3,32.6,273.0,2.7,2.7,0.0,0.0,0.0,0.0,0.0,1.1,0.5,0.2,0.1,21.0,0.0,6.0,0.4,4.1,61.4,WR,FantasySharks,https://www.fantasysharks.com/apps/bert/forecasts/projections.php?csv=1&Sort=&Position=4&scoring=18
100,13652,"Wilson, Cedrick",NOS,WR,51.6,8.3,26.2,331.0,2.2,1.3,0.0,0.0,0.9,0.0,0.0,1.3,0.7,0.2,0.1,-0.1,0.0,14.0,0.0,7.0,59.2,WR,FantasySharks,https://www.fantasysharks.com/apps/bert/forecasts/projections.php?csv=1&Sort=&Position=4&scoring=18
101,16626,"Mitchell, Adonai",IND,WR,66.1,3.9,33.9,385.0,0.4,0.0,0.4,0.0,0.0,0.0,0.0,1.5,0.8,0.3,0.1,3.0,0.0,0.0,0.0,2.2,59.2,WR,FantasySharks,https://www.fantasysharks.com/apps/bert/forecasts/projections.php?csv=1&Sort=&Position=4&scoring=18
102,14860,"Jennings, Jauan",SFO,WR,49.4,5.0,28.9,355.0,1.3,0.0,1.3,0.0,0.0,0.0,0.0,1.4,0.7,0.2,0.1,0.0,0.0,0.0,0.0,4.4,57.8,WR,FantasySharks,https://www.fantasysharks.com/apps/bert/forecasts/projections.php?csv=1&Sort=&Position=4&scoring=18
103,14974,"Mooney, Darnell",ATL,WR,65.3,7.3,32.7,406.0,0.0,0.0,0.0,0.0,0.0,0.0,0.0,1.6,0.8,0.3,0.1,3.0,0.0,0.0,0.0,4.7,57.3,WR,FantasySharks,https://www.fantasysharks.com/apps/bert/forecasts/projections.php?csv=1&Sort=&Position=4&scoring=18
104,13156,"Smith-Schuster, JuJu",NEP,WR,57.3,5.5,34.2,316.0,1.0,1.0,0.0,0.0,0.0,0.0,0.0,1.3,0.6,0.2,0.1,6.0,0.0,69.0,0.0,2.5,55.0,WR,FantasySharks,https://www.fantasysharks.com/apps/bert/forecasts/projections.php?csv=1&Sort=&Position=4&scoring=18
105,15283,"Moore, Rondale",ATL,WR,51.6,5.5,29.4,270.0,1.0,0.4,0.0,0.0,0.0,0.6,0.0,1.1,0.5,0.2,0.1,74.0,0.0,10.0,0.0,2.4,54.9,WR,FantasySharks,https://www.fantasysharks.com/apps/bert/forecasts/projections.php?csv=1&Sort=&Position=4&scoring=18
106,14112,"Campbell, Parris",PHI,WR,52.1,7.3,31.6,282.0,1.2,0.5,0.0,0.7,0.0,0.0,0.0,1.1,0.6,0.2,0.1,1.0,0.0,102.0,0.0,3.2,51.4,WR,FantasySharks,https://www.fantasysharks.com/apps/bert/forecasts/projections.php?csv=1&Sort=&Position=4&scoring=18
107,16631,"Polk, Ja'Lynn",NEP,WR,58.2,1.9,28.4,320.0,0.6,0.6,0.0,0.0,0.0,0.0,0.0,1.3,0.6,0.2,0.1,12.0,0.0,124.0,0.4,1.1,50.1,WR,FantasySharks,https://www.fantasysharks.com/apps/bert/forecasts/projections.php?csv=1&Sort=&Position=4&scoring=18
108,15981,"Turpin, KaVontae",DAL,WR,21.1,5.3,12.7,147.0,3.5,1.2,0.0,1.1,1.2,0.0,0.0,0.6,0.3,0.1,0.0,61.0,0.3,300.0,0.0,7.4,49.6,WR,FantasySharks,https://www.fantasysharks.com/apps/bert/forecasts/projections.php?csv=1&Sort=&Position=4&scoring=18
109,15308,"Marshall, Terrace",CAR,WR,55.4,4.4,28.9,339.0,0.0,0.0,0.0,0.0,0.0,0.0,0.0,1.4,0.7,0.2,0.1,0.0,0.0,0.0,0.0,0.3,48.4,WR,FantasySharks,https://www.fantasysharks.com/apps/bert/forecasts/projections.php?csv=1&Sort=&Position=4&scoring=18
110,13632,"Lazard, Allen",NYJ,WR,55.7,4.9,23.6,300.0,0.7,0.0,0.7,0.0,0.0,0.0,0.0,1.2,0.6,0.2,0.1,7.0,0.0,50.0,0.0,2.6,47.1,WR,FantasySharks,https://www.fantasysharks.com/apps/bert/forecasts/projections.php?csv=1&Sort=&Position=4&scoring=18
111,16183,"Hyatt, Jalin",NYG,WR,49.2,0.5,22.2,355.0,0.0,0.0,0.0,0.0,0.0,0.0,0.0,1.4,0.7,0.2,0.1,0.0,0.0,0.0,0.3,1.8,46.1,WR,FantasySharks,https://www.fantasysharks.com/apps/bert/forecasts/projections.php?csv=1&Sort=&Position=4&scoring=18
112,13154,"Williams, Mike",NYJ,WR,46.2,5.3,23.4,246.0,1.4,0.7,0.7,0.0,0.0,0.0,0.0,1.0,0.5,0.2,0.1,8.0,0.0,67.0,0.8,3.5,44.6,WR,FantasySharks,https://www.fantasysharks.com/apps/bert/forecasts/projections.php?csv=1&Sort=&Position=4&scoring=18
113,13638,"Berrios, Braxton",MIA,WR,34.8,1.8,24.6,242.0,1.0,0.5,0.2,0.0,0.3,0.0,0.0,1.0,0.5,0.2,0.1,1.0,0.0,399.0,0.0,2.8,42.3,WR,FantasySharks,https://www.fantasysharks.com/apps/bert/forecasts/projections.php?csv=1&Sort=&Position=4&scoring=18
114,15785,"Melton, Bo",GBP,WR,49.2,9.7,24.4,254.0,0.3,0.3,0.0,0.0,0.0,0.0,0.0,1.0,0.5,0.2,0.1,24.0,0.0,1.0,0.0,2.7,41.7,WR,FantasySharks,https://www.fantasysharks.com/apps/bert/forecasts/projections.php?csv=1&Sort=&Position=4&scoring=18
115,16191,"Tillman, Cedric",CLE,WR,59.2,5.4,26.6,255.0,0.0,0.0,0.0,0.0,0.0,0.0,0.0,1.0,0.5,0.2,0.1,16.0,0.0,19.0,0.0,3.3,40.5,WR,FantasySharks,https://www.fantasysharks.com/apps/bert/forecasts/projections.php?csv=1&Sort=&Position=4&scoring=18
116,15758,"Bell, David",CLE,WR,36.4,2.9,17.3,192.0,2.1,0.0,0.0,0.3,0.3,1.4,0.0,0.8,0.4,0.1,0.1,0.0,0.0,0.0,0.0,3.5,40.4,WR,FantasySharks,https://www.fantasysharks.com/apps/bert/forecasts/projections.php?csv=1&Sort=&Position=4&scoring=18
117,16636,"Corley, Malachi",NYJ,WR,51.0,6.2,22.0,212.0,0.0,0.0,0.0,0.0,0.0,0.0,0.0,0.8,0.4,0.1,0.1,29.0,0.9,138.0,0.0,5.1,40.3,WR,FantasySharks,https://www.fantasysharks.com/apps/bert/forecasts/projections.php?csv=1&Sort=&Position=4&scoring=18
118,16416,"Gipson, Xavier",NYJ,WR,34.3,4.9,17.7,183.0,0.4,0.4,0.0,0.0,0.0,0.0,0.0,0.7,0.4,0.1,0.1,49.0,1.0,399.0,0.0,5.7,40.2,WR,FantasySharks,https://www.fantasysharks.com/apps/bert/forecasts/projections.php?csv=1&Sort=&Position=4&scoring=18
119,13963,"Hodge, KhaDarel",ATL,WR,32.0,0.0,18.8,308.0,0.0,0.0,0.0,0.0,0.0,0.0,0.0,1.2,0.6,0.2,0.1,0.0,0.0,0.0,0.0,0.0,40.2,WR,FantasySharks,https://www.fantasysharks.com/apps/bert/forecasts/projections.php?csv=1&Sort=&Position=4&scoring=18
120,16622,"Pearsall, Ricky",SFO,WR,28.6,2.1,16.9,226.0,0.7,0.0,0.7,0.0,0.0,0.0,0.0,0.9,0.5,0.2,0.1,27.0,0.0,153.0,0.0,2.4,38.2,WR,FantasySharks,https://www.fantasysharks.com/apps/bert/forecasts/projections.php?csv=1&Sort=&Position=4&scoring=18
121,13862,"Cracraft, River",MIA,WR,24.4,5.0,17.0,231.0,1.0,1.0,0.0,0.0,0.0,0.0,0.0,0.9,0.5,0.2,0.1,0.0,0.0,0.0,0.0,5.0,37.7,WR,FantasySharks,https://www.fantasysharks.com/apps/bert/forecasts/projections.php?csv=1&Sort=&Position=4&scoring=18
122,13646,"Gallup, Michael",FA,WR,40.6,4.5,20.3,219.0,0.7,0.7,0.0,0.0,0.0,0.0,0.0,0.9,0.4,0.1,0.1,5.0,0.0,63.0,0.0,1.8,36.9,WR,FantasySharks,https://www.fantasysharks.com/apps/bert/forecasts/projections.php?csv=1&Sort=&Position=4&scoring=18
123,11678,"Robinson, Allen",NYG,WR,44.8,4.8,28.5,220.0,0.0,0.0,0.0,0.0,0.0,0.0,0.0,0.9,0.4,0.1,0.1,6.0,0.0,72.0,0.0,2.5,36.9,WR,FantasySharks,https://www.fantasysharks.com/apps/bert/forecasts/projections.php?csv=1&Sort=&Position=4&scoring=18
124,14858,"Jefferson, Van",PIT,WR,45.1,2.1,22.3,193.0,0.0,0.0,0.0,0.0,0.0,0.0,0.0,0.8,0.4,0.1,0.1,15.0,0.7,0.0,0.0,1.5,36.4,WR,FantasySharks,https://www.fantasysharks.com/apps/bert/forecasts/projections.php?csv=1&Sort=&Position=4&scoring=18
125,14118,"Humphrey, Lil'Jordan",DEN,WR,16.8,3.6,12.6,126.0,2.7,2.4,0.0,0.0,0.0,0.0,0.3,0.5,0.3,0.1,0.0,0.0,0.0,0.0,0.0,2.7,35.2,WR,FantasySharks,https://www.fantasysharks.com/apps/bert/forecasts/projections.php?csv=1&Sort=&Position=4&scoring=18
126,15766,"Moore, Skyy",KCC,WR,46.2,6.3,22.9,214.0,0.2,0.2,0.0,0.0,0.0,0.0,0.0,0.9,0.4,0.1,0.1,12.0,0.0,5.0,0.4,2.7,34.3,WR,FantasySharks,https://www.fantasysharks.com/apps/bert/forecasts/projections.php?csv=1&Sort=&Position=4&scoring=18
127,16202,"Bell, Ronnie",SFO,WR,16.7,4.6,7.4,103.0,3.3,2.0,1.2,0.0,0.0,0.0,0.0,0.4,0.2,0.1,0.0,0.0,0.0,0.0,0.0,3.3,33.7,WR,FantasySharks,https://www.fantasysharks.com/apps/bert/forecasts/projections.php?csv=1&Sort=&Position=4&scoring=18
128,14113,"Hardman, Mecole",KCC,WR,28.9,3.8,17.7,185.0,0.9,0.9,0.0,0.0,0.0,0.0,0.0,0.7,0.4,0.1,0.1,3.0,0.0,27.0,0.0,2.1,32.7,WR,FantasySharks,https://www.fantasysharks.com/apps/bert/forecasts/projections.php?csv=1&Sort=&Position=4&scoring=18
129,12773,"Moore, Chris",ARI,WR,30.3,2.2,14.9,248.0,0.0,0.0,0.0,0.0,0.0,0.0,0.0,1.0,0.5,0.2,0.1,-1.2,0.0,145.0,0.0,0.6,32.1,WR,FantasySharks,https://www.fantasysharks.com/apps/bert/forecasts/projections.php?csv=1&Sort=&Position=4&scoring=18
130,14592,"Zaccheaus, Olamide",WAS,WR,31.2,2.2,16.9,189.0,0.7,0.0,0.0,0.7,0.0,0.0,0.0,0.8,0.4,0.1,0.1,0.0,0.0,49.0,0.0,1.4,31.8,WR,FantasySharks,https://www.fantasysharks.com/apps/bert/forecasts/projections.php?csv=1&Sort=&Position=4&scoring=18
131,15787,"Thornton, Tyquan",NEP,WR,37.7,0.5,18.5,180.0,0.3,0.3,0.0,0.0,0.0,0.0,0.0,0.7,0.4,0.1,0.0,24.0,0.0,97.0,0.0,0.5,31.2,WR,FantasySharks,https://www.fantasysharks.com/apps/bert/forecasts/projections.php?csv=1&Sort=&Position=4&scoring=18
132,13724,"James, Richie",KCC,WR,30.5,2.8,16.1,184.0,0.9,0.4,0.5,0.0,0.0,0.0,0.0,0.7,0.4,0.1,0.1,-2.2,0.0,88.0,0.4,1.7,30.9,WR,FantasySharks,https://www.fantasysharks.com/apps/bert/forecasts/projections.php?csv=1&Sort=&Position=4&scoring=18
133,16628,"McMillan, Jalen",TBB,WR,35.8,4.0,19.4,175.0,0.0,0.0,0.0,0.0,0.0,0.0,0.0,0.7,0.3,0.1,0.0,25.0,0.0,88.0,0.0,1.6,30.7,WR,FantasySharks,https://www.fantasysharks.com/apps/bert/forecasts/projections.php?csv=1&Sort=&Position=4&scoring=18
134,16393,"Bobo, Jake",SEA,WR,28.2,2.5,17.1,143.0,0.6,0.6,0.0,0.0,0.0,0.0,0.0,0.6,0.3,0.1,0.0,3.0,0.4,63.0,0.0,2.6,29.6,WR,FantasySharks,https://www.fantasysharks.com/apps/bert/forecasts/projections.php?csv=1&Sort=&Position=4&scoring=18
135,16364,"Brooks, Jalen",DAL,WR,39.7,2.5,20.6,175.0,0.0,0.0,0.0,0.0,0.0,0.0,0.0,0.7,0.3,0.1,0.0,16.0,0.0,219.0,0.0,1.0,29.6,WR,FantasySharks,https://www.fantasysharks.com/apps/bert/forecasts/projections.php?csv=1&Sort=&Position=4&scoring=18
136,15901,"Philips, Kyle",TEN,WR,27.3,3.2,17.3,207.0,0.0,0.0,0.0,0.0,0.0,0.0,0.0,0.8,0.4,0.1,0.1,0.0,0.0,21.0,0.0,3.2,29.4,WR,FantasySharks,https://www.fantasysharks.com/apps/bert/forecasts/projections.php?csv=1&Sort=&Position=4&scoring=18
137,16413,"Heath, Malik",GBP,WR,31.4,7.0,16.1,127.0,1.2,1.2,0.0,0.0,0.0,0.0,0.0,0.5,0.3,0.1,0.0,0.0,0.0,1.0,0.0,2.4,28.9,WR,FantasySharks,https://www.fantasysharks.com/apps/bert/forecasts/projections.php?csv=1&Sort=&Position=4&scoring=18
138,15786,"Nailor, Jalen",MIN,WR,38.5,2.7,17.4,169.0,0.2,0.0,0.0,0.0,0.0,0.2,0.0,0.7,0.3,0.1,0.0,3.0,0.0,0.0,0.0,0.9,28.7,WR,FantasySharks,https://www.fantasysharks.com/apps/bert/forecasts/projections.php?csv=1&Sort=&Position=4&scoring=18
139,16205,"Scott, Tyler",CHI,WR,34.2,5.9,16.9,151.0,0.0,0.0,0.0,0.0,0.0,0.0,0.0,0.6,0.3,0.1,0.0,49.0,0.0,130.0,0.0,3.5,28.3,WR,FantasySharks,https://www.fantasysharks.com/apps/bert/forecasts/projections.php?csv=1&Sort=&Position=4&scoring=18
140,15285,"Wallace, Tylan",BAL,WR,34.3,1.7,16.9,191.0,0.0,0.0,0.0,0.0,0.0,0.0,0.0,0.8,0.4,0.1,0.1,6.0,0.0,17.0,0.0,1.7,28.1,WR,FantasySharks,https://www.fantasysharks.com/apps/bert/forecasts/projections.php?csv=1&Sort=&Position=4&scoring=18
141,13308,"Agnew, Jamal",JAC,WR,29.7,2.8,17.9,210.0,0.2,0.0,0.0,0.0,0.0,0.0,0.2,0.8,0.4,0.1,0.1,-1.8,0.0,522.0,1.5,3.1,28.0,WR,FantasySharks,https://www.fantasysharks.com/apps/bert/forecasts/projections.php?csv=1&Sort=&Position=4&scoring=18
142,10271,"Jones, Julio",PHI,WR,25.5,6.3,13.4,79.0,2.0,1.5,0.3,0.3,0.0,0.0,0.0,0.3,0.2,0.1,0.0,6.0,0.0,0.0,0.0,2.9,27.3,WR,FantasySharks,https://www.fantasysharks.com/apps/bert/forecasts/projections.php?csv=1&Sort=&Position=4&scoring=18
143,16632,"Burton, Jermaine",CIN,WR,25.0,3.0,13.7,145.0,0.5,0.5,0.0,0.0,0.0,0.0,0.0,0.6,0.3,0.1,0.0,3.0,0.0,0.0,0.0,1.5,24.9,WR,FantasySharks,https://www.fantasysharks.com/apps/bert/forecasts/projections.php?csv=1&Sort=&Position=4&scoring=18
144,13634,"Pettis, Dante",CHI,WR,27.4,2.0,9.3,121.0,1.0,1.0,0.0,0.0,0.0,0.0,0.0,0.5,0.2,0.1,0.0,20.0,0.0,75.0,0.0,2.0,24.9,WR,FantasySharks,https://www.fantasysharks.com/apps/bert/forecasts/projections.php?csv=1&Sort=&Position=4&scoring=18
145,15777,"Austin III, Calvin",PIT,WR,19.5,0.2,8.3,63.0,0.0,0.0,0.0,0.0,0.0,0.0,0.0,0.3,0.1,0.0,0.0,63.0,1.4,59.0,0.0,1.4,24.8,WR,FantasySharks,https://www.fantasysharks.com/apps/bert/forecasts/projections.php?csv=1&Sort=&Position=4&scoring=18
146,13289,"Hollins, Mack",BUF,WR,32.1,3.1,14.6,164.0,0.0,0.0,0.0,0.0,0.0,0.0,0.0,0.7,0.3,0.1,0.0,-0.8,0.0,0.0,0.0,0.4,23.7,WR,FantasySharks,https://www.fantasysharks.com/apps/bert/forecasts/projections.php?csv=1&Sort=&Position=4&scoring=18
147,15292,"Brown, Dyami",WAS,WR,29.4,2.1,11.7,157.0,0.2,0.0,0.0,0.0,0.2,0.0,0.0,0.6,0.3,0.1,0.0,7.0,0.0,101.0,0.0,2.2,23.3,WR,FantasySharks,https://www.fantasysharks.com/apps/bert/forecasts/projections.php?csv=1&Sort=&Position=4&scoring=18
148,15767,"Jones, Velus",CHI,WR,20.9,1.4,9.6,100.0,0.0,0.0,0.0,0.0,0.0,0.0,0.0,0.4,0.2,0.1,0.0,66.0,0.2,667.0,0.0,1.0,22.3,WR,FantasySharks,https://www.fantasysharks.com/apps/bert/forecasts/projections.php?csv=1&Sort=&Position=4&scoring=18
149,15759,"Metchie, John",HOU,WR,36.5,4.7,14.3,132.0,0.0,0.0,0.0,0.0,0.0,0.0,0.0,0.5,0.3,0.1,0.0,13.0,0.0,0.0,0.0,4.9,21.6,WR,FantasySharks,https://www.fantasysharks.com/apps/bert/forecasts/projections.php?csv=1&Sort=&Position=4&scoring=18
150,14503,"Kennedy, Tom",DET,WR,27.8,6.3,11.6,144.0,0.0,0.0,0.0,0.0,0.0,0.0,0.0,0.6,0.3,0.1,0.0,6.0,0.0,0.0,0.0,6.2,20.8,WR,FantasySharks,https://www.fantasysharks.com/apps/bert/forecasts/projections.php?csv=1&Sort=&Position=4&scoring=18
151,13641,"McCloud, Ray-Ray",ATL,WR,12.0,0.0,8.7,122.0,0.0,0.0,0.0,0.0,0.0,0.0,0.0,0.5,0.2,0.1,0.0,11.0,0.0,195.0,0.0,0.0,17.7,WR,FantasySharks,https://www.fantasysharks.com/apps/bert/forecasts/projections.php?csv=1&Sort=&Position=4&scoring=18
152,15841,"Toure, Samori",GBP,WR,20.9,4.9,7.2,116.0,0.4,0.0,0.0,0.0,0.4,0.0,0.0,0.5,0.2,0.1,0.0,0.0,0.0,30.0,0.0,2.3,17.4,WR,FantasySharks,https://www.fantasysharks.com/apps/bert/forecasts/projections.php?csv=1&Sort=&Position=4&scoring=18
153,16299,"Davis, Derius",LAC,WR,18.3,1.4,13.7,58.0,0.0,0.0,0.0,0.0,0.0,0.0,0.0,0.2,0.1,0.0,0.0,40.0,0.0,347.0,0.0,1.1,16.7,WR,FantasySharks,https://www.fantasysharks.com/apps/bert/forecasts/projections.php?csv=1&Sort=&Position=4&scoring=18
154,12257,"Conley, Chris",SFO,WR,10.5,1.9,6.2,81.0,0.8,0.8,0.0,0.0,0.0,0.0,0.0,0.3,0.2,0.1,0.0,0.0,0.0,0.0,0.0,1.2,15.8,WR,FantasySharks,https://www.fantasysharks.com/apps/bert/forecasts/projections.php?csv=1&Sort=&Position=4&scoring=18
155,16203,"Jones, Charlie",CIN,WR,14.5,1.7,10.6,96.0,0.0,0.0,0.0,0.0,0.0,0.0,0.0,0.4,0.2,0.1,0.0,3.0,0.0,0.0,0.0,1.6,15.2,WR,FantasySharks,https://www.fantasysharks.com/apps/bert/forecasts/projections.php?csv=1&Sort=&Position=4&scoring=18
156,15977,"Thompkins, Deven",CAR,WR,21.0,3.7,12.2,43.0,0.3,0.3,0.0,0.0,0.0,0.0,0.0,0.2,0.1,0.0,0.0,53.0,0.0,342.0,1.2,2.5,14.8,WR,FantasySharks,https://www.fantasysharks.com/apps/bert/forecasts/projections.php?csv=1&Sort=&Position=4&scoring=18
157,13893,"Sherfield, Trent",MIN,WR,24.8,2.8,8.5,72.0,0.6,0.6,0.0,0.0,0.0,0.0,0.0,0.3,0.1,0.1,0.0,0.0,0.0,0.0,0.0,0.6,14.8,WR,FantasySharks,https://www.fantasysharks.com/apps/bert/forecasts/projections.php?csv=1&Sort=&Position=4&scoring=18
158,10308,"Cobb, Randall",NYJ,WR,27.0,5.2,8.3,60.0,0.3,0.0,0.3,0.0,0.0,0.0,0.0,0.2,0.1,0.0,0.0,0.0,0.0,0.0,0.0,3.0,14.5,WR,FantasySharks,https://www.fantasysharks.com/apps/bert/forecasts/projections.php?csv=1&Sort=&Position=4&scoring=18
159,14280,"Miller, Scotty",PIT,WR,11.6,0.4,6.7,71.0,0.4,0.4,0.0,0.0,0.0,0.0,0.0,0.3,0.1,0.1,0.0,8.0,0.0,0.0,0.0,0.4,13.8,WR,FantasySharks,https://www.fantasysharks.com/apps/bert/forecasts/projections.php?csv=1&Sort=&Position=4&scoring=18
160,14992,"Watkins, Quez",PIT,WR,10.8,1.5,7.5,76.0,0.4,0.0,0.4,0.0,0.0,0.0,0.0,0.3,0.2,0.1,0.0,0.0,0.0,6.0,0.0,1.5,13.8,WR,FantasySharks,https://www.fantasysharks.com/apps/bert/forecasts/projections.php?csv=1&Sort=&Position=4&scoring=18
161,15434,"Smith-Marsette, Ihmir",CAR,WR,10.6,0.0,8.2,39.0,0.0,0.0,0.0,0.0,0.0,0.0,0.0,0.2,0.1,0.0,0.0,44.0,0.2,16.0,0.0,1.3,13.7,WR,FantasySharks,https://www.fantasysharks.com/apps/bert/forecasts/projections.php?csv=1&Sort=&Position=4&scoring=18
162,12184,"Crowder, Jamison",WAS,WR,11.9,0.5,8.9,81.0,0.1,0.0,0.0,0.1,0.0,0.0,0.0,0.3,0.2,0.1,0.0,0.0,0.0,11.0,0.0,0.3,13.3,WR,FantasySharks,https://www.fantasysharks.com/apps/bert/forecasts/projections.php?csv=1&Sort=&Position=4&scoring=18
163,13377,"Patrick, Tim",DEN,WR,20.8,1.0,8.8,78.0,0.0,0.0,0.0,0.0,0.0,0.0,0.0,0.3,0.2,0.1,0.0,10.0,0.0,189.0,0.0,0.5,13.2,WR,FantasySharks,https://www.fantasysharks.com/apps/bert/forecasts/projections.php?csv=1&Sort=&Position=4&scoring=18
164,14839,"Reagor, Jalen",NEP,WR,16.9,1.3,7.2,85.0,0.0,0.0,0.0,0.0,0.0,0.0,0.0,0.3,0.2,0.1,0.0,8.0,0.0,0.0,0.0,1.3,12.8,WR,FantasySharks,https://www.fantasysharks.com/apps/bert/forecasts/projections.php?csv=1&Sort=&Position=4&scoring=18
165,16423,"Brownlee, Jason",NYJ,WR,18.7,0.5,6.4,78.0,0.3,0.3,0.0,0.0,0.0,0.0,0.0,0.3,0.2,0.1,0.0,0.0,0.0,0.0,0.0,0.5,12.6,WR,FantasySharks,https://www.fantasysharks.com/apps/bert/forecasts/projections.php?csv=1&Sort=&Position=4&scoring=18
166,14558,"Harty, Deonte",BAL,WR,11.2,1.7,6.3,55.0,0.6,0.6,0.0,0.0,0.0,0.0,0.0,0.2,0.1,0.0,0.0,4.0,0.0,63.0,0.0,0.6,12.3,WR,FantasySharks,https://www.fantasysharks.com/apps/bert/forecasts/projections.php?csv=1&Sort=&Position=4&scoring=18
167,15491,"Skowronek, Ben",HOU,WR,10.9,2.3,6.6,61.0,0.3,0.0,0.0,0.3,0.0,0.0,0.0,0.2,0.1,0.0,0.0,6.0,0.0,0.0,0.0,1.0,11.5,WR,FantasySharks,https://www.fantasysharks.com/apps/bert/forecasts/projections.php?csv=1&Sort=&Position=4&scoring=18
168,16198,"Jarrett, Rakim",TBB,WR,18.3,0.0,7.1,79.0,0.0,0.0,0.0,0.0,0.0,0.0,0.0,0.3,0.2,0.1,0.0,-0.8,0.0,50.0,0.0,0.0,11.4,WR,FantasySharks,https://www.fantasysharks.com/apps/bert/forecasts/projections.php?csv=1&Sort=&Position=4&scoring=18
169,16005,"Jones, Tim",JAC,WR,19.6,2.0,7.3,70.0,0.0,0.0,0.0,0.0,0.0,0.0,0.0,0.3,0.1,0.1,0.0,0.0,0.0,29.0,0.0,0.0,10.6,WR,FantasySharks,https://www.fantasysharks.com/apps/bert/forecasts/projections.php?csv=1&Sort=&Position=4&scoring=18
170,14315,"Dulin, Ashton",IND,WR,11.4,3.8,4.1,52.0,0.4,0.0,0.4,0.0,0.0,0.0,0.0,0.2,0.1,0.0,0.0,9.0,0.0,0.0,0.0,3.8,10.4,WR,FantasySharks,https://www.fantasysharks.com/apps/bert/forecasts/projections.php?csv=1&Sort=&Position=4&scoring=18
171,11239,"Goodwin, Marquise",CLE,WR,19.4,0.0,6.2,45.0,0.0,0.0,0.0,0.0,0.0,0.0,0.0,0.2,0.1,0.0,0.0,26.0,0.0,0.0,0.0,1.3,10.3,WR,FantasySharks,https://www.fantasysharks.com/apps/bert/forecasts/projections.php?csv=1&Sort=&Position=4&scoring=18
172,12658,"Shepard, Sterling",TBB,WR,18.7,3.4,7.4,43.0,0.2,0.2,0.0,0.0,0.0,0.0,0.0,0.2,0.1,0.0,0.0,8.0,0.0,0.0,0.0,2.9,10.2,WR,FantasySharks,https://www.fantasysharks.com/apps/bert/forecasts/projections.php?csv=1&Sort=&Position=4&scoring=18
173,16778,"Flournoy, Ryan",DAL,WR,20.3,3.2,7.2,52.0,0.0,0.0,0.0,0.0,0.0,0.0,0.0,0.2,0.1,0.0,0.0,5.0,0.0,80.0,0.0,1.2,9.3,WR,FantasySharks,https://www.fantasysharks.com/apps/bert/forecasts/projections.php?csv=1&Sort=&Position=4&scoring=18
174,14847,"Duvernay, Devin",JAC,WR,15.0,1.8,6.1,53.0,0.0,0.0,0.0,0.0,0.0,0.0,0.0,0.2,0.1,0.0,0.0,10.0,0.0,119.0,0.0,0.4,9.3,WR,FantasySharks,https://www.fantasysharks.com/apps/bert/forecasts/projections.php?csv=1&Sort=&Position=4&scoring=18
175,14841,"Claypool, Chase",BUF,WR,21.3,2.5,5.2,64.0,0.0,0.0,0.0,0.0,0.0,0.0,0.0,0.3,0.1,0.0,0.0,3.0,0.0,43.0,0.0,1.5,9.3,WR,FantasySharks,https://www.fantasysharks.com/apps/bert/forecasts/projections.php?csv=1&Sort=&Position=4&scoring=18
176,14864,"Johnson, Tyler",LAR,WR,14.4,1.2,5.1,38.0,0.3,0.3,0.0,0.0,0.0,0.0,0.0,0.2,0.1,0.0,0.0,9.0,0.0,153.0,0.0,1.2,9.1,WR,FantasySharks,https://www.fantasysharks.com/apps/bert/forecasts/projections.php?csv=1&Sort=&Position=4&scoring=18
177,15326,"Milne, Dax",WAS,WR,13.9,0.8,5.1,38.0,0.0,0.0,0.0,0.0,0.0,0.0,0.0,0.2,0.1,0.0,0.0,13.0,0.0,31.0,0.0,1.9,7.7,WR,FantasySharks,https://www.fantasysharks.com/apps/bert/forecasts/projections.php?csv=1&Sort=&Position=4&scoring=18
178,13637,"St. Brown, Equanimeous",NOS,WR,3.5,0.0,3.5,49.0,0.0,0.0,0.0,0.0,0.0,0.0,0.0,0.2,0.1,0.0,0.0,0.0,0.0,0.0,0.0,0.0,6.7,WR,FantasySharks,https://www.fantasysharks.com/apps/bert/forecasts/projections.php?csv=1&Sort=&Position=4&scoring=18
179,14486,"Montgomery, D.J.",IND,WR,2.4,1.2,1.2,24.0,0.6,0.0,0.6,0.0,0.0,0.0,0.0,0.1,0.1,0.0,0.0,0.0,0.0,0.0,0.0,1.2,6.5,WR,FantasySharks,https://www.fantasysharks.com/apps/bert/forecasts/projections.php?csv=1&Sort=&Position=4&scoring=18
180,15528,"Wilkerson, Kristian",LVR,WR,8.9,1.3,3.8,40.0,0.0,0.0,0.0,0.0,0.0,0.0,0.0,0.2,0.1,0.0,0.0,5.0,0.0,78.0,0.0,0.5,6.4,WR,FantasySharks,https://www.fantasysharks.com/apps/bert/forecasts/projections.php?csv=1&Sort=&Position=4&scoring=18
181,13313,"McKenzie, Isaiah",NYG,WR,8.2,0.0,4.6,33.0,0.0,0.0,0.0,0.0,0.0,0.0,0.0,0.1,0.1,0.0,0.0,6.0,0.0,71.0,0.0,0.0,6.2,WR,FantasySharks,https://www.fantasysharks.com/apps/bert/forecasts/projections.php?csv=1&Sort=&Position=4&scoring=18
182,14337,"Guyton, Jalen",LVR,WR,10.1,1.1,3.9,36.0,0.0,0.0,0.0,0.0,0.0,0.0,0.0,0.1,0.1,0.0,0.0,3.0,0.0,24.0,0.0,0.3,5.9,WR,FantasySharks,https://www.fantasysharks.com/apps/bert/forecasts/projections.php?csv=1&Sort=&Position=4&scoring=18
183,15772,"Covey, Britain",PHI,WR,10.8,1.0,4.8,32.0,0.0,0.0,0.0,0.0,0.0,0.0,0.0,0.1,0.1,0.0,0.0,0.0,0.0,37.0,0.0,0.8,5.6,WR,FantasySharks,https://www.fantasysharks.com/apps/bert/forecasts/projections.php?csv=1&Sort=&Position=4&scoring=18
184,15792,"Woods, Michael",CLE,WR,7.5,0.1,3.9,25.0,0.0,0.0,0.0,0.0,0.0,0.0,0.0,0.1,0.1,0.0,0.0,-0.3,0.0,64.0,0.0,0.1,4.5,WR,FantasySharks,https://www.fantasysharks.com/apps/bert/forecasts/projections.php?csv=1&Sort=&Position=4&scoring=18
185,13488,"Pascal, Zach",ARI,WR,16.1,0.8,3.7,24.0,0.0,0.0,0.0,0.0,0.0,0.0,0.0,0.1,0.1,0.0,0.0,0.0,0.0,51.0,0.0,0.8,4.2,WR,FantasySharks,https://www.fantasysharks.com/apps/bert/forecasts/projections.php?csv=1&Sort=&Position=4&scoring=18
186,16637,"Baker, Javon",NEP,WR,11.9,1.8,2.9,21.0,0.0,0.0,0.0,0.0,0.0,0.0,0.0,0.1,0.0,0.0,0.0,0.0,0.0,0.0,0.0,3.5,3.5,WR,FantasySharks,https://www.fantasysharks.com/apps/bert/forecasts/projections.php?csv=1&Sort=&Position=4&scoring=18
187,16193,"Boutte, Kayshon",NEP,WR,10.7,4.4,1.8,20.0,0.0,0.0,0.0,0.0,0.0,0.0,0.0,0.1,0.0,0.0,0.0,0.0,0.0,0.0,0.0,0.0,2.9,WR,FantasySharks,https://www.fantasysharks.com/apps/bert/forecasts/projections.php?csv=1&Sort=&Position=4&scoring=18
188,16751,"Means, Bub",NOS,WR,5.0,0.2,2.0,18.0,0.0,0.0,0.0,0.0,0.0,0.0,0.0,0.1,0.0,0.0,0.0,0.0,0.0,104.0,0.0,0.1,2.8,WR,FantasySharks,https://www.fantasysharks.com/apps/bert/forecasts/projections.php?csv=1&Sort=&Position=4&scoring=18
189,14101,"Harry, N'Keal",MIN,WR,1.3,0.0,1.3,21.0,0.0,0.0,0.0,0.0,0.0,0.0,0.0,0.1,0.0,0.0,0.0,0.0,0.0,0.0,0.0,0.0,2.7,WR,FantasySharks,https://www.fantasysharks.com/apps/bert/forecasts/projections.php?csv=1&Sort=&Position=4&scoring=18
190,15302,"Eskridge, D'Wayne",SEA,WR,6.6,0.0,0.0,0.0,0.0,0.0,0.0,0.0,0.0,0.0,0.0,0.0,0.0,0.0,0.0,16.0,0.0,565.0,0.0,0.0,1.6,WR,FantasySharks,https://www.fantasysharks.com/apps/bert/forecasts/projections.php?csv=1&Sort=&Position=4&scoring=18
191,16619,"Franklin, Troy",DEN,WR,13.9,3.0,1.0,5.0,0.0,0.0,0.0,0.0,0.0,0.0,0.0,0.0,0.0,0.0,0.0,2.0,0.0,28.0,0.0,3.0,1.1,WR,FantasySharks,https://www.fantasysharks.com/apps/bert/forecasts/projections.php?csv=1&Sort=&Position=4&scoring=18
192,15995,"Turner, DJ",LVR,WR,0.1,0.1,0.0,0.0,0.0,0.0,0.0,0.0,0.0,0.0,0.0,0.0,0.0,0.0,0.0,11.0,0.0,89.0,0.0,0.0,1.1,WR,FantasySharks,https://www.fantasysharks.com/apps/bert/forecasts/projections.php?csv=1&Sort=&Position=4&scoring=18
193,15782,"Gray, Danny",SFO,WR,0.6,0.0,0.6,6.0,0.0,0.0,0.0,0.0,0.0,0.0,0.0,0.0,0.0,0.0,0.0,0.0,0.0,0.0,0.0,0.0,0.9,WR,FantasySharks,https://www.fantasysharks.com/apps/bert/forecasts/projections.php?csv=1&Sort=&Position=4&scoring=18
194,15941,"Young, Dareke",SEA,WR,0.2,0.0,0.2,2.0,0.0,0.0,0.0,0.0,0.0,0.0,0.0,0.0,0.0,0.0,0.0,0.0,0.0,0.0,0.0,0.0,0.4,WR,FantasySharks,https://www.fantasysharks.com/apps/bert/forecasts/projections.php?csv=1&Sort=&Position=4&scoring=18
195,14121,"Isabella, Andy",BUF,WR,0.0,0.0,0.0,0.0,0.0,0.0,0.0,0.0,0.0,0.0,0.0,0.0,0.0,0.0,0.0,1.0,0.0,0.0,0.0,0.0,0.1,WR,FantasySharks,https://www.fantasysharks.com/apps/bert/forecasts/projections.php?csv=1&Sort=&Position=4&scoring=18
196,14862,"Reed, Joe",CHI,WR,2.0,0.0,0.1,0.0,0.0,0.0,0.0,0.0,0.0,0.0,0.0,0.0,0.0,0.0,0.0,0.0,0.0,0.0,0.0,0.0,0.1,WR,FantasySharks,https://www.fantasysharks.com/apps/bert/forecasts/projections.php?csv=1&Sort=&Position=4&scoring=18
197,15780,"Ezukanma, Erik",MIA,WR,4.4,0.0,0.1,0.0,0.0,0.0,0.0,0.0,0.0,0.0,0.0,0.0,0.0,0.0,0.0,0.0,0.0,0.0,0.0,0.0,0.1,WR,FantasySharks,https://www.fantasysharks.com/apps/bert/forecasts/projections.php?csv=1&Sort=&Position=4&scoring=18
198,16349,"Green, Antoine",DET,WR,0.0,0.0,0.0,0.1,0.0,0.0,0.0,0.0,0.0,0.0,0.0,0.0,0.0,0.0,0.0,0.0,0.0,0.0,0.0,0.0,0.0,WR,FantasySharks,https://www.fantasysharks.com/apps/bert/forecasts/projections.php?csv=1&Sort=&Position=4&scoring=18
199,16379,"Ford-Wheaton, Bryce",NYG,WR,2.6,0.0,0.0,0.0,0.0,0.0,0.0,0.0,0.0,0.0,0.0,0.0,0.0,0.0,0.0,0.0,0.0,0.0,0.0,0.0,0.0,WR,FantasySharks,https://www.fantasysharks.com/apps/bert/forecasts/projections.php?csv=1&Sort=&Position=4&scoring=18
200,13316,"Taylor, Trent",SFO,WR,1.1,0.0,0.0,0.0,0.0,0.0,0.0,0.0,0.0,0.0,0.0,0.0,0.0,0.0,0.0,-2.3,0.0,0.0,0.0,0.0,-0.2,WR,FantasySharks,https://www.fantasysharks.com/apps/bert/forecasts/projections.php?csv=1&Sort=&Position=4&scoring=18
201,16633,"Whittington, Jordan",LAR,WR,2.1,0.7,0.0,0.0,0.0,0.0,0.0,0.0,0.0,0.0,0.0,0.0,0.0,0.0,0.0,-3.6,0.0,14.0,0.0,0.0,-0.4,WR,FantasySharks,https://www.fantasysharks.com/apps/bert/forecasts/projections.php?csv=1&Sort=&Position=4&scoring=18
202,16686,"Smith, Ainias",PHI,WR,2.8,0.0,1.5,14.0,0.0,0.0,0.0,0.0,0.0,0.0,0.0,0.1,0.0,0.0,0.0,0.0,0.0,132.0,1.4,0.0,-0.8,WR,FantasySharks,https://www.fantasysharks.com/apps/bert/forecasts/projections.php?csv=1&Sort=&Position=4&scoring=18
